Sim_index	S	omega_T	omega_P	sigma_e	disp_shape	disp_scale	seed	divergence_factor	max_species	max_coex_sp	start_species	init_ab	grid_cell_distance
Simulation_1	2	0.055	0.175	0.078	1.75	0.55	1	0.05	12000	1000	1	500	111
Simulation_2	2.5	0.032	0.111	0.041	2.376	0.324	2	0.05	12000	1000	1	500	111
Simulation_3	1.499	0.078	0.239	0.114	1.124	0.775	3	0.05	12000	1000	1	500	111
Simulation_4	1.749	0.044	0.144	0.023	2.689	0.888	4	0.05	12000	1000	1	500	111
Simulation_5	2.751	0.089	0.269	0.096	1.437	0.437	5	0.05	12000	1000	1	500	111
Simulation_6	2.25	0.021	0.081	0.059	0.811	0.662	6	0.05	12000	1000	1	500	111
Simulation_7	1.248	0.066	0.206	0.132	2.063	0.212	7	0.05	12000	1000	1	500	111
Simulation_8	1.374	0.038	0.128	0.105	1.907	0.268	8	0.05	12000	1000	1	500	111
Simulation_9	2.375	0.083	0.253	0.032	0.654	0.719	9	0.05	12000	1000	1	500	111
Simulation_10	2.876	0.016	0.067	0.141	1.28	0.493	10	0.05	12000	1000	1	500	111
Simulation_11	1.874	0.061	0.192	0.068	2.533	0.944	11	0.05	12000	1000	1	500	111
Simulation_12	1.624	0.027	0.097	0.087	1.593	0.831	12	0.05	12000	1000	1	500	111
Simulation_13	2.625	0.072	0.222	0.014	2.846	0.381	13	0.05	12000	1000	1	500	111
Simulation_14	2.125	0.049	0.158	0.123	2.22	0.606	14	0.05	12000	1000	1	500	111
Simulation_15	1.123	0.094	0.283	0.05	0.967	0.155	15	0.05	12000	1000	1	500	111
Simulation_16	1.186	0.052	0.167	0.064	1.202	0.409	16	0.05	12000	1000	1	500	111
Simulation_17	2.187	0.097	0.292	0.137	2.455	0.86	17	0.05	12000	1000	1	500	111
Simulation_18	2.688	0.03	0.106	0.028	1.828	0.184	18	0.05	12000	1000	1	500	111
Simulation_19	1.687	0.075	0.231	0.1	0.576	0.634	19	0.05	12000	1000	1	500	111
Simulation_20	1.937	0.018	0.072	0.046	2.141	0.747	20	0.05	12000	1000	1	500	111
Simulation_21	2.938	0.063	0.197	0.118	0.889	0.296	21	0.05	12000	1000	1	500	111
Simulation_22	2.438	0.041	0.136	0.009	1.515	0.972	22	0.05	12000	1000	1	500	111
Simulation_23	1.436	0.086	0.261	0.082	2.768	0.522	23	0.05	12000	1000	1	500	111
Simulation_24	1.311	0.024	0.089	0.127	2.611	0.465	24	0.05	12000	1000	1	500	111
Simulation_25	2.312	0.069	0.214	0.055	1.359	0.916	25	0.05	12000	1000	1	500	111
Simulation_26	2.813	0.047	0.153	0.091	0.732	0.24	26	0.05	12000	1000	1	500	111
Simulation_27	1.812	0.092	0.278	0.018	1.985	0.691	27	0.05	12000	1000	1	500	111
Simulation_28	1.561	0.035	0.119	0.146	1.045	0.578	28	0.05	12000	1000	1	500	111
Simulation_29	2.563	0.08	0.244	0.073	2.298	0.127	29	0.05	12000	1000	1	500	111
Simulation_30	2.062	0.013	0.058	0.109	2.924	0.803	30	0.05	12000	1000	1	500	111
Simulation_31	1.061	0.058	0.183	0.037	1.672	0.353	31	0.05	12000	1000	1	500	111
Simulation_32	1.092	0.034	0.117	0.089	2.259	0.677	32	0.05	12000	1000	1	500	111
Simulation_33	2.093	0.079	0.242	0.016	1.006	0.226	33	0.05	12000	1000	1	500	111
Simulation_34	2.594	0.011	0.053	0.125	1.633	0.902	34	0.05	12000	1000	1	500	111
Simulation_35	1.593	0.056	0.178	0.053	2.885	0.451	35	0.05	12000	1000	1	500	111
Simulation_36	1.843	0.023	0.086	0.107	1.319	0.339	36	0.05	12000	1000	1	500	111
Simulation_37	2.844	0.068	0.211	0.034	2.572	0.789	37	0.05	12000	1000	1	500	111
Simulation_38	2.344	0.045	0.147	0.143	1.946	0.113	38	0.05	12000	1000	1	500	111
Simulation_39	1.342	0.09	0.272	0.071	0.693	0.564	39	0.05	12000	1000	1	500	111
Simulation_40	1.467	0.017	0.069	0.025	0.85	0.62	40	0.05	12000	1000	1	500	111
Simulation_41	2.469	0.062	0.194	0.098	2.102	0.17	41	0.05	12000	1000	1	500	111
Simulation_42	2.97	0.039	0.131	0.062	2.728	0.846	42	0.05	12000	1000	1	500	111
Simulation_43	1.968	0.085	0.258	0.134	1.476	0.395	43	0.05	12000	1000	1	500	111
Simulation_44	1.718	0.051	0.164	0.007	2.415	0.508	44	0.05	12000	1000	1	500	111
Simulation_45	2.719	0.096	0.289	0.08	1.163	0.958	45	0.05	12000	1000	1	500	111
Simulation_46	2.219	0.028	0.1	0.043	0.537	0.282	46	0.05	12000	1000	1	500	111
Simulation_47	1.217	0.073	0.225	0.116	1.789	0.733	47	0.05	12000	1000	1	500	111
Simulation_48	1.155	0.031	0.108	0.148	2.963	0.986	48	0.05	12000	1000	1	500	111
Simulation_49	2.156	0.076	0.233	0.075	1.711	0.536	49	0.05	12000	1000	1	500	111
Simulation_50	2.657	0.054	0.172	0.112	1.085	0.761	50	0.05	12000	1000	1	500	111
Simulation_51	1.655	0.099	0.297	0.039	2.337	0.31	51	0.05	12000	1000	1	500	111
Simulation_52	1.906	0.042	0.139	0.13	0.772	0.198	52	0.05	12000	1000	1	500	111
Simulation_53	2.907	0.087	0.264	0.057	2.024	0.648	53	0.05	12000	1000	1	500	111
Simulation_54	2.406	0.02	0.078	0.093	2.65	0.423	54	0.05	12000	1000	1	500	111
Simulation_55	1.405	0.065	0.203	0.021	1.398	0.874	55	0.05	12000	1000	1	500	111
Simulation_56	1.28	0.048	0.156	0.048	1.554	0.817	56	0.05	12000	1000	1	500	111
Simulation_57	2.281	0.093	0.281	0.121	2.807	0.367	57	0.05	12000	1000	1	500	111
Simulation_58	2.782	0.025	0.092	0.012	2.181	0.592	58	0.05	12000	1000	1	500	111
Simulation_59	1.78	0.07	0.217	0.084	0.928	0.141	59	0.05	12000	1000	1	500	111
Simulation_60	1.53	0.014	0.061	0.066	1.867	0.254	60	0.05	12000	1000	1	500	111
Simulation_61	2.532	0.059	0.186	0.139	0.615	0.705	61	0.05	12000	1000	1	500	111
Simulation_62	2.031	0.037	0.125	0.03	1.241	0.479	62	0.05	12000	1000	1	500	111
Simulation_63	1.029	0.082	0.25	0.102	2.494	0.93	63	0.05	12000	1000	1	500	111
Simulation_64	1.045	0.046	0.15	0.122	1.026	0.881	64	0.05	12000	1000	1	500	111
Simulation_65	2.046	0.091	0.275	0.049	2.278	0.43	65	0.05	12000	1000	1	500	111
Simulation_66	2.547	0.023	0.086	0.085	2.905	0.655	66	0.05	12000	1000	1	500	111
Simulation_67	1.546	0.068	0.211	0.013	1.652	0.205	67	0.05	12000	1000	1	500	111
Simulation_68	1.796	0.012	0.056	0.14	2.591	0.317	68	0.05	12000	1000	1	500	111
Simulation_69	2.798	0.057	0.181	0.067	1.339	0.768	69	0.05	12000	1000	1	500	111
Simulation_70	2.297	0.035	0.119	0.104	0.713	0.543	70	0.05	12000	1000	1	500	111
Simulation_71	1.295	0.08	0.244	0.031	1.965	0.993	71	0.05	12000	1000	1	500	111
Simulation_72	1.421	0.029	0.103	0.076	2.122	0.937	72	0.05	12000	1000	1	500	111
Simulation_73	2.422	0.074	0.228	0.149	0.869	0.486	73	0.05	12000	1000	1	500	111
Simulation_74	2.923	0.051	0.164	0.04	1.496	0.712	74	0.05	12000	1000	1	500	111
Simulation_75	1.921	0.097	0.292	0.113	2.748	0.261	75	0.05	12000	1000	1	500	111
Simulation_76	1.671	0.04	0.133	0.058	1.182	0.148	76	0.05	12000	1000	1	500	111
Simulation_77	2.672	0.085	0.258	0.131	2.435	0.599	77	0.05	12000	1000	1	500	111
Simulation_78	2.172	0.018	0.072	0.022	1.809	0.374	78	0.05	12000	1000	1	500	111
Simulation_79	1.17	0.063	0.197	0.095	0.556	0.824	79	0.05	12000	1000	1	500	111
Simulation_80	1.233	0.02	0.078	0.099	1.73	0.571	80	0.05	12000	1000	1	500	111
Simulation_81	2.234	0.066	0.206	0.026	2.983	0.12	81	0.05	12000	1000	1	500	111
Simulation_82	2.735	0.043	0.142	0.135	2.357	0.796	82	0.05	12000	1000	1	500	111
Simulation_83	1.733	0.088	0.267	0.063	1.104	0.346	83	0.05	12000	1000	1	500	111
Simulation_84	1.984	0.054	0.172	0.081	2.044	0.458	84	0.05	12000	1000	1	500	111
Simulation_85	2.985	0.099	0.297	0.008	0.791	0.909	85	0.05	12000	1000	1	500	111
Simulation_86	2.485	0.032	0.111	0.117	1.417	0.233	86	0.05	12000	1000	1	500	111
Simulation_87	1.483	0.077	0.236	0.045	2.67	0.684	87	0.05	12000	1000	1	500	111
Simulation_88	1.358	0.037	0.125	0.017	2.826	0.74	88	0.05	12000	1000	1	500	111
Simulation_89	2.359	0.082	0.25	0.09	1.574	0.289	89	0.05	12000	1000	1	500	111
Simulation_90	2.86	0.015	0.064	0.054	0.948	0.965	90	0.05	12000	1000	1	500	111
Simulation_91	1.859	0.06	0.189	0.126	2.2	0.515	91	0.05	12000	1000	1	500	111
Simulation_92	1.608	0.026	0.094	0.036	0.635	0.402	92	0.05	12000	1000	1	500	111
Simulation_93	2.61	0.071	0.219	0.108	1.887	0.853	93	0.05	12000	1000	1	500	111
Simulation_94	2.109	0.049	0.158	0.072	2.513	0.177	94	0.05	12000	1000	1	500	111
Simulation_95	1.108	0.094	0.283	0.144	1.261	0.627	95	0.05	12000	1000	1	500	111
Simulation_96	1.076	0.022	0.083	0.056	1.77	0.529	96	0.05	12000	1000	1	500	111
Simulation_97	2.078	0.067	0.208	0.129	0.517	0.979	97	0.05	12000	1000	1	500	111
Simulation_98	2.578	0.044	0.144	0.02	1.143	0.303	98	0.05	12000	1000	1	500	111
Simulation_99	1.577	0.089	0.269	0.092	2.396	0.754	99	0.05	12000	1000	1	500	111
Simulation_100	1.827	0.033	0.114	0.074	1.456	0.641	100	0.05	12000	1000	1	500	111
Simulation_101	2.829	0.078	0.239	0.147	2.709	0.191	101	0.05	12000	1000	1	500	111
Simulation_102	2.328	0.011	0.053	0.038	2.083	0.867	102	0.05	12000	1000	1	500	111
Simulation_103	1.327	0.056	0.178	0.11	0.83	0.416	103	0.05	12000	1000	1	500	111
Simulation_104	1.452	0.05	0.161	0.138	0.674	0.36	104	0.05	12000	1000	1	500	111
Simulation_105	2.453	0.095	0.286	0.065	1.926	0.81	105	0.05	12000	1000	1	500	111
Simulation_106	2.954	0.028	0.1	0.101	2.552	0.134	106	0.05	12000	1000	1	500	111
Simulation_107	1.953	0.073	0.225	0.029	1.3	0.585	107	0.05	12000	1000	1	500	111
Simulation_108	1.702	0.016	0.067	0.119	2.865	0.698	108	0.05	12000	1000	1	500	111
Simulation_109	2.704	0.061	0.192	0.047	1.613	0.247	109	0.05	12000	1000	1	500	111
Simulation_110	2.203	0.039	0.131	0.083	0.987	0.923	110	0.05	12000	1000	1	500	111
Simulation_111	1.201	0.084	0.256	0.011	2.239	0.472	111	0.05	12000	1000	1	500	111
Simulation_112	1.139	0.042	0.139	0.033	2.474	0.219	112	0.05	12000	1000	1	500	111
Simulation_113	2.14	0.087	0.264	0.106	1.222	0.669	113	0.05	12000	1000	1	500	111
Simulation_114	2.641	0.019	0.075	0.07	0.595	0.444	114	0.05	12000	1000	1	500	111
Simulation_115	1.64	0.064	0.2	0.142	1.848	0.895	115	0.05	12000	1000	1	500	111
Simulation_116	1.89	0.03	0.106	0.015	0.909	0.782	116	0.05	12000	1000	1	500	111
Simulation_117	2.891	0.075	0.231	0.088	2.161	0.331	117	0.05	12000	1000	1	500	111
Simulation_118	2.391	0.053	0.169	0.051	2.787	0.557	118	0.05	12000	1000	1	500	111
Simulation_119	1.389	0.098	0.294	0.124	1.535	0.106	119	0.05	12000	1000	1	500	111
Simulation_120	1.264	0.013	0.058	0.079	1.378	0.162	120	0.05	12000	1000	1	500	111
Simulation_121	2.266	0.058	0.183	0.006	2.631	0.613	121	0.05	12000	1000	1	500	111
Simulation_122	2.766	0.036	0.122	0.115	2.004	0.388	122	0.05	12000	1000	1	500	111
Simulation_123	1.765	0.081	0.247	0.042	0.752	0.838	123	0.05	12000	1000	1	500	111
Simulation_124	1.514	0.047	0.153	0.097	2.318	0.951	124	0.05	12000	1000	1	500	111
Simulation_125	2.516	0.092	0.278	0.024	1.065	0.5	125	0.05	12000	1000	1	500	111
Simulation_126	2.015	0.025	0.092	0.133	1.691	0.726	126	0.05	12000	1000	1	500	111
Simulation_127	1.014	0.07	0.217	0.06	2.944	0.275	127	0.05	12000	1000	1	500	111
Simulation_128	1.022	0.04	0.133	0.142	1.662	0.476	128	0.05	12000	1000	1	500	111
Simulation_129	2.023	0.085	0.258	0.069	2.914	0.927	129	0.05	12000	1000	1	500	111
Simulation_130	2.524	0.017	0.069	0.105	2.288	0.251	130	0.05	12000	1000	1	500	111
Simulation_131	1.522	0.062	0.194	0.033	1.036	0.701	131	0.05	12000	1000	1	500	111
Simulation_132	1.773	0.029	0.103	0.123	1.975	0.589	132	0.05	12000	1000	1	500	111
Simulation_133	2.774	0.074	0.228	0.051	0.723	0.138	133	0.05	12000	1000	1	500	111
Simulation_134	2.273	0.051	0.164	0.087	1.349	0.814	134	0.05	12000	1000	1	500	111
Simulation_135	1.272	0.096	0.289	0.015	2.601	0.363	135	0.05	12000	1000	1	500	111
Simulation_136	1.397	0.012	0.056	0.042	2.758	0.42	136	0.05	12000	1000	1	500	111
Simulation_137	2.399	0.057	0.181	0.114	1.505	0.87	137	0.05	12000	1000	1	500	111
Simulation_138	2.899	0.034	0.117	0.005	0.879	0.194	138	0.05	12000	1000	1	500	111
Simulation_139	1.898	0.079	0.242	0.078	2.132	0.645	139	0.05	12000	1000	1	500	111
Simulation_140	1.647	0.045	0.147	0.06	0.566	0.758	140	0.05	12000	1000	1	500	111
Simulation_141	2.649	0.091	0.275	0.133	1.818	0.307	141	0.05	12000	1000	1	500	111
Simulation_142	2.148	0.023	0.086	0.024	2.445	0.983	142	0.05	12000	1000	1	500	111
Simulation_143	1.147	0.068	0.211	0.096	1.192	0.532	143	0.05	12000	1000	1	500	111
Simulation_144	1.209	0.026	0.094	0.092	1.114	0.279	144	0.05	12000	1000	1	500	111
Simulation_145	2.211	0.071	0.219	0.019	2.366	0.729	145	0.05	12000	1000	1	500	111
Simulation_146	2.711	0.048	0.156	0.128	2.993	0.504	146	0.05	12000	1000	1	500	111
Simulation_147	1.71	0.093	0.281	0.055	1.74	0.955	147	0.05	12000	1000	1	500	111
Simulation_148	1.96	0.037	0.125	0.11	2.68	0.842	148	0.05	12000	1000	1	500	111
Simulation_149	2.962	0.082	0.25	0.037	1.427	0.391	149	0.05	12000	1000	1	500	111
Simulation_150	2.461	0.014	0.061	0.146	0.801	0.617	150	0.05	12000	1000	1	500	111
Simulation_151	1.46	0.06	0.189	0.074	2.053	0.166	151	0.05	12000	1000	1	500	111
Simulation_152	1.334	0.054	0.172	0.028	2.21	0.11	152	0.05	12000	1000	1	500	111
Simulation_153	2.336	0.099	0.297	0.101	0.957	0.56	153	0.05	12000	1000	1	500	111
Simulation_154	2.837	0.031	0.108	0.064	1.584	0.335	154	0.05	12000	1000	1	500	111
Simulation_155	1.835	0.076	0.233	0.137	2.836	0.786	155	0.05	12000	1000	1	500	111
Simulation_156	1.585	0.02	0.078	0.01	1.271	0.898	156	0.05	12000	1000	1	500	111
Simulation_157	2.586	0.065	0.203	0.083	2.523	0.448	157	0.05	12000	1000	1	500	111
Simulation_158	2.086	0.043	0.142	0.046	1.897	0.673	158	0.05	12000	1000	1	500	111
Simulation_159	1.084	0.088	0.267	0.119	0.644	0.222	159	0.05	12000	1000	1	500	111
Simulation_160	1.115	0.016	0.067	0.062	2.406	0.828	160	0.05	12000	1000	1	500	111
Simulation_161	2.117	0.061	0.192	0.135	1.153	0.377	161	0.05	12000	1000	1	500	111
Simulation_162	2.618	0.038	0.128	0.026	0.527	0.603	162	0.05	12000	1000	1	500	111
Simulation_163	1.616	0.083	0.253	0.098	1.779	0.152	163	0.05	12000	1000	1	500	111
Simulation_164	1.867	0.05	0.161	0.044	0.84	0.265	164	0.05	12000	1000	1	500	111
Simulation_165	2.868	0.095	0.286	0.117	2.092	0.715	165	0.05	12000	1000	1	500	111
Simulation_166	2.367	0.027	0.097	0.008	2.719	0.49	166	0.05	12000	1000	1	500	111
Simulation_167	1.366	0.072	0.222	0.08	1.466	0.941	167	0.05	12000	1000	1	500	111
Simulation_168	1.491	0.033	0.114	0.126	1.31	0.997	168	0.05	12000	1000	1	500	111
Simulation_169	2.492	0.078	0.239	0.053	2.562	0.546	169	0.05	12000	1000	1	500	111
Simulation_170	2.993	0.01	0.05	0.089	1.936	0.772	170	0.05	12000	1000	1	500	111
Simulation_171	1.992	0.055	0.175	0.017	0.683	0.321	171	0.05	12000	1000	1	500	111
Simulation_172	1.741	0.022	0.083	0.144	2.249	0.208	172	0.05	12000	1000	1	500	111
Simulation_173	2.743	0.067	0.208	0.071	0.997	0.659	173	0.05	12000	1000	1	500	111
Simulation_174	2.242	0.044	0.144	0.108	1.623	0.434	174	0.05	12000	1000	1	500	111
Simulation_175	1.241	0.089	0.269	0.035	2.875	0.884	175	0.05	12000	1000	1	500	111
Simulation_176	1.178	0.047	0.153	0.012	1.858	0.631	176	0.05	12000	1000	1	500	111
Simulation_177	2.179	0.092	0.278	0.085	0.605	0.18	177	0.05	12000	1000	1	500	111
Simulation_178	2.68	0.024	0.089	0.049	1.231	0.856	178	0.05	12000	1000	1	500	111
Simulation_179	1.679	0.069	0.214	0.121	2.484	0.405	179	0.05	12000	1000	1	500	111
Simulation_180	1.929	0.013	0.058	0.03	1.545	0.518	180	0.05	12000	1000	1	500	111
Simulation_181	2.931	0.058	0.183	0.103	2.797	0.969	181	0.05	12000	1000	1	500	111
Simulation_182	2.43	0.036	0.122	0.067	2.171	0.293	182	0.05	12000	1000	1	500	111
Simulation_183	1.428	0.081	0.247	0.139	0.918	0.743	183	0.05	12000	1000	1	500	111
Simulation_184	1.303	0.03	0.106	0.112	0.762	0.687	184	0.05	12000	1000	1	500	111
Simulation_185	2.305	0.075	0.231	0.039	2.014	0.236	185	0.05	12000	1000	1	500	111
Simulation_186	2.805	0.053	0.169	0.148	2.64	0.912	186	0.05	12000	1000	1	500	111
Simulation_187	1.804	0.098	0.294	0.076	1.388	0.462	187	0.05	12000	1000	1	500	111
Simulation_188	1.554	0.041	0.136	0.094	2.954	0.349	188	0.05	12000	1000	1	500	111
Simulation_189	2.555	0.086	0.261	0.021	1.701	0.8	189	0.05	12000	1000	1	500	111
Simulation_190	2.054	0.019	0.075	0.13	1.075	0.124	190	0.05	12000	1000	1	500	111
Simulation_191	1.053	0.064	0.2	0.058	2.327	0.574	191	0.05	12000	1000	1	500	111
Simulation_192	1.037	0.028	0.1	0.041	1.134	0.736	192	0.05	12000	1000	1	500	111
Simulation_193	2.039	0.073	0.225	0.113	2.386	0.286	193	0.05	12000	1000	1	500	111
Simulation_194	2.539	0.05	0.161	0.077	1.76	0.962	194	0.05	12000	1000	1	500	111
Simulation_195	1.538	0.095	0.286	0.15	0.507	0.511	195	0.05	12000	1000	1	500	111
Simulation_196	1.788	0.039	0.131	0.022	2.073	0.398	196	0.05	12000	1000	1	500	111
Simulation_197	2.79	0.084	0.256	0.095	0.82	0.849	197	0.05	12000	1000	1	500	111
Simulation_198	2.289	0.017	0.069	0.059	1.447	0.173	198	0.05	12000	1000	1	500	111
Simulation_199	1.288	0.062	0.194	0.131	2.699	0.624	199	0.05	12000	1000	1	500	111
Simulation_200	1.413	0.045	0.147	0.086	2.543	0.567	200	0.05	12000	1000	1	500	111
Simulation_201	2.414	0.09	0.272	0.013	1.29	0.117	201	0.05	12000	1000	1	500	111
Simulation_202	2.915	0.022	0.083	0.122	0.664	0.793	202	0.05	12000	1000	1	500	111
Simulation_203	1.913	0.067	0.208	0.05	1.916	0.342	203	0.05	12000	1000	1	500	111
Simulation_204	1.663	0.011	0.053	0.104	0.977	0.455	204	0.05	12000	1000	1	500	111
Simulation_205	2.665	0.056	0.178	0.032	2.229	0.905	205	0.05	12000	1000	1	500	111
Simulation_206	2.164	0.034	0.117	0.14	2.856	0.229	206	0.05	12000	1000	1	500	111
Simulation_207	1.162	0.079	0.242	0.068	1.603	0.68	207	0.05	12000	1000	1	500	111
Simulation_208	1.225	0.036	0.122	0.054	0.586	0.934	208	0.05	12000	1000	1	500	111
Simulation_209	2.226	0.081	0.247	0.127	1.838	0.483	209	0.05	12000	1000	1	500	111
Simulation_210	2.727	0.014	0.061	0.018	2.464	0.708	210	0.05	12000	1000	1	500	111
Simulation_211	1.726	0.059	0.186	0.091	1.212	0.258	211	0.05	12000	1000	1	500	111
Simulation_212	1.976	0.025	0.092	0.072	2.777	0.145	212	0.05	12000	1000	1	500	111
Simulation_213	2.978	0.07	0.217	0.145	1.525	0.596	213	0.05	12000	1000	1	500	111
Simulation_214	2.477	0.048	0.156	0.036	0.899	0.37	214	0.05	12000	1000	1	500	111
Simulation_215	1.475	0.093	0.281	0.109	2.151	0.821	215	0.05	12000	1000	1	500	111
Simulation_216	1.35	0.019	0.075	0.136	1.995	0.877	216	0.05	12000	1000	1	500	111
Simulation_217	2.352	0.064	0.2	0.063	0.742	0.427	217	0.05	12000	1000	1	500	111
Simulation_218	2.852	0.042	0.139	0.1	1.368	0.652	218	0.05	12000	1000	1	500	111
Simulation_219	1.851	0.087	0.264	0.027	2.621	0.201	219	0.05	12000	1000	1	500	111
Simulation_220	1.6	0.053	0.169	0.118	1.682	0.314	220	0.05	12000	1000	1	500	111
Simulation_221	2.602	0.098	0.294	0.045	2.934	0.765	221	0.05	12000	1000	1	500	111
Simulation_222	2.101	0.031	0.108	0.081	2.308	0.539	222	0.05	12000	1000	1	500	111
Simulation_223	1.1	0.076	0.233	0.009	1.055	0.99	223	0.05	12000	1000	1	500	111
Simulation_224	1.068	0.052	0.167	0.102	2.895	0.159	224	0.05	12000	1000	1	500	111
Simulation_225	2.07	0.097	0.292	0.029	1.642	0.61	225	0.05	12000	1000	1	500	111
Simulation_226	2.571	0.029	0.103	0.138	1.016	0.384	226	0.05	12000	1000	1	500	111
Simulation_227	1.569	0.074	0.228	0.066	2.269	0.835	227	0.05	12000	1000	1	500	111
Simulation_228	1.82	0.018	0.072	0.084	0.703	0.948	228	0.05	12000	1000	1	500	111
Simulation_229	2.821	0.063	0.197	0.011	1.955	0.497	229	0.05	12000	1000	1	500	111
Simulation_230	2.32	0.041	0.136	0.12	2.582	0.722	230	0.05	12000	1000	1	500	111
Simulation_231	1.319	0.086	0.261	0.047	1.329	0.272	231	0.05	12000	1000	1	500	111
Simulation_232	1.444	0.024	0.089	0.02	1.486	0.215	232	0.05	12000	1000	1	500	111
Simulation_233	2.445	0.069	0.214	0.093	2.738	0.666	233	0.05	12000	1000	1	500	111
Simulation_234	2.946	0.046	0.15	0.057	2.112	0.441	234	0.05	12000	1000	1	500	111
Simulation_235	1.945	0.091	0.275	0.129	0.86	0.891	235	0.05	12000	1000	1	500	111
Simulation_236	1.694	0.035	0.119	0.038	1.799	0.779	236	0.05	12000	1000	1	500	111
Simulation_237	2.696	0.08	0.244	0.111	0.546	0.328	237	0.05	12000	1000	1	500	111
Simulation_238	2.195	0.012	0.056	0.075	1.173	0.553	238	0.05	12000	1000	1	500	111
Simulation_239	1.194	0.057	0.181	0.147	2.425	0.103	239	0.05	12000	1000	1	500	111
Simulation_240	1.131	0.015	0.064	0.116	2.347	0.356	240	0.05	12000	1000	1	500	111
Simulation_241	2.133	0.06	0.189	0.043	1.094	0.807	241	0.05	12000	1000	1	500	111
Simulation_242	2.633	0.038	0.128	0.079	1.721	0.131	242	0.05	12000	1000	1	500	111
Simulation_243	1.632	0.083	0.253	0.007	2.973	0.581	243	0.05	12000	1000	1	500	111
Simulation_244	1.882	0.049	0.158	0.134	1.408	0.694	244	0.05	12000	1000	1	500	111
Simulation_245	2.884	0.094	0.283	0.061	2.66	0.243	245	0.05	12000	1000	1	500	111
Simulation_246	2.383	0.026	0.094	0.097	2.034	0.919	246	0.05	12000	1000	1	500	111
Simulation_247	1.381	0.072	0.222	0.025	0.781	0.469	247	0.05	12000	1000	1	500	111
Simulation_248	1.256	0.043	0.142	0.07	0.938	0.525	248	0.05	12000	1000	1	500	111
Simulation_249	2.258	0.088	0.267	0.143	2.19	0.976	249	0.05	12000	1000	1	500	111
Simulation_250	2.758	0.021	0.081	0.034	2.817	0.3	250	0.05	12000	1000	1	500	111
Simulation_251	1.757	0.066	0.206	0.106	1.564	0.75	251	0.05	12000	1000	1	500	111
Simulation_252	1.507	0.032	0.111	0.052	2.503	0.638	252	0.05	12000	1000	1	500	111
Simulation_253	2.508	0.077	0.236	0.125	1.251	0.187	253	0.05	12000	1000	1	500	111
Simulation_254	2.007	0.055	0.175	0.016	0.625	0.863	254	0.05	12000	1000	1	500	111
Simulation_255	1.006	0.1	0.3	0.088	1.877	0.412	255	0.05	12000	1000	1	500	111
Simulation_256	1.01	0.055	0.175	0.046	2.587	0.978	256	0.05	12000	1000	1	500	111
Simulation_257	2.011	0.1	0.3	0.119	1.334	0.527	257	0.05	12000	1000	1	500	111
Simulation_258	2.512	0.032	0.111	0.01	0.708	0.752	258	0.05	12000	1000	1	500	111
Simulation_259	1.511	0.077	0.236	0.082	1.96	0.302	259	0.05	12000	1000	1	500	111
Simulation_260	1.761	0.021	0.081	0.064	1.021	0.189	260	0.05	12000	1000	1	500	111
Simulation_261	2.762	0.066	0.206	0.137	2.273	0.64	261	0.05	12000	1000	1	500	111
Simulation_262	2.262	0.044	0.144	0.028	2.9	0.414	262	0.05	12000	1000	1	500	111
Simulation_263	1.26	0.089	0.269	0.1	1.647	0.865	263	0.05	12000	1000	1	500	111
Simulation_264	1.385	0.027	0.097	0.146	1.178	0.809	264	0.05	12000	1000	1	500	111
Simulation_265	2.387	0.072	0.222	0.073	2.43	0.358	265	0.05	12000	1000	1	500	111
Simulation_266	2.888	0.049	0.158	0.11	1.804	0.583	266	0.05	12000	1000	1	500	111
Simulation_267	1.886	0.094	0.283	0.037	0.551	0.133	267	0.05	12000	1000	1	500	111
Simulation_268	1.636	0.038	0.128	0.128	2.117	0.245	268	0.05	12000	1000	1	500	111
Simulation_269	2.637	0.083	0.253	0.055	0.864	0.696	269	0.05	12000	1000	1	500	111
Simulation_270	2.136	0.015	0.064	0.091	1.491	0.471	270	0.05	12000	1000	1	500	111
Simulation_271	1.135	0.06	0.189	0.019	2.743	0.921	271	0.05	12000	1000	1	500	111
Simulation_272	1.198	0.013	0.058	0.023	2.039	0.668	272	0.05	12000	1000	1	500	111
Simulation_273	2.199	0.058	0.183	0.096	0.786	0.217	273	0.05	12000	1000	1	500	111
Simulation_274	2.7	0.035	0.119	0.06	1.412	0.893	274	0.05	12000	1000	1	500	111
Simulation_275	1.698	0.08	0.244	0.132	2.665	0.442	275	0.05	12000	1000	1	500	111
Simulation_276	1.949	0.046	0.15	0.005	1.726	0.33	276	0.05	12000	1000	1	500	111
Simulation_277	2.95	0.091	0.275	0.078	2.978	0.78	277	0.05	12000	1000	1	500	111
Simulation_278	2.449	0.024	0.089	0.041	2.352	0.104	278	0.05	12000	1000	1	500	111
Simulation_279	1.448	0.069	0.214	0.114	1.099	0.555	279	0.05	12000	1000	1	500	111
Simulation_280	1.323	0.041	0.136	0.087	0.63	0.611	280	0.05	12000	1000	1	500	111
Simulation_281	2.324	0.086	0.261	0.014	1.882	0.161	281	0.05	12000	1000	1	500	111
Simulation_282	2.825	0.018	0.072	0.123	2.508	0.837	282	0.05	12000	1000	1	500	111
Simulation_283	1.823	0.063	0.197	0.051	1.256	0.386	283	0.05	12000	1000	1	500	111
Simulation_284	1.573	0.029	0.103	0.105	2.821	0.499	284	0.05	12000	1000	1	500	111
Simulation_285	2.575	0.075	0.231	0.032	1.569	0.949	285	0.05	12000	1000	1	500	111
Simulation_286	2.074	0.052	0.167	0.141	0.943	0.273	286	0.05	12000	1000	1	500	111
Simulation_287	1.072	0.097	0.292	0.069	2.195	0.724	287	0.05	12000	1000	1	500	111
Simulation_288	1.104	0.031	0.108	0.13	1.452	0.428	288	0.05	12000	1000	1	500	111
Simulation_289	2.105	0.076	0.233	0.057	2.704	0.879	289	0.05	12000	1000	1	500	111
Simulation_290	2.606	0.053	0.169	0.094	2.078	0.203	290	0.05	12000	1000	1	500	111
Simulation_291	1.604	0.098	0.294	0.021	0.825	0.654	291	0.05	12000	1000	1	500	111
Simulation_292	1.855	0.042	0.139	0.148	1.765	0.766	292	0.05	12000	1000	1	500	111
Simulation_293	2.856	0.087	0.264	0.076	0.512	0.316	293	0.05	12000	1000	1	500	111
Simulation_294	2.356	0.02	0.078	0.112	1.138	0.992	294	0.05	12000	1000	1	500	111
Simulation_295	1.354	0.065	0.203	0.039	2.391	0.541	295	0.05	12000	1000	1	500	111
Simulation_296	1.479	0.048	0.156	0.066	2.861	0.485	296	0.05	12000	1000	1	500	111
Simulation_297	2.481	0.093	0.281	0.139	1.608	0.935	297	0.05	12000	1000	1	500	111
Simulation_298	2.981	0.025	0.092	0.03	0.982	0.259	298	0.05	12000	1000	1	500	111
Simulation_299	1.98	0.07	0.217	0.103	2.234	0.71	299	0.05	12000	1000	1	500	111
Simulation_300	1.73	0.014	0.061	0.048	0.669	0.597	300	0.05	12000	1000	1	500	111
Simulation_301	2.731	0.059	0.186	0.121	1.921	0.147	301	0.05	12000	1000	1	500	111
Simulation_302	2.23	0.036	0.122	0.012	2.547	0.823	302	0.05	12000	1000	1	500	111
Simulation_303	1.229	0.082	0.25	0.085	1.295	0.372	303	0.05	12000	1000	1	500	111
Simulation_304	1.166	0.034	0.117	0.107	0.904	0.118	304	0.05	12000	1000	1	500	111
Simulation_305	2.168	0.079	0.242	0.035	2.156	0.569	305	0.05	12000	1000	1	500	111
Simulation_306	2.668	0.011	0.053	0.144	2.782	0.344	306	0.05	12000	1000	1	500	111
Simulation_307	1.667	0.056	0.178	0.071	1.53	0.794	307	0.05	12000	1000	1	500	111
Simulation_308	1.917	0.022	0.083	0.089	2.469	0.907	308	0.05	12000	1000	1	500	111
Simulation_309	2.919	0.067	0.208	0.016	1.217	0.456	309	0.05	12000	1000	1	500	111
Simulation_310	2.418	0.045	0.147	0.125	0.591	0.682	310	0.05	12000	1000	1	500	111
Simulation_311	1.417	0.09	0.272	0.053	1.843	0.231	311	0.05	12000	1000	1	500	111
Simulation_312	1.291	0.017	0.069	0.007	2.313	0.287	312	0.05	12000	1000	1	500	111
Simulation_313	2.293	0.062	0.194	0.08	1.06	0.738	313	0.05	12000	1000	1	500	111
Simulation_314	2.794	0.039	0.131	0.044	1.686	0.513	314	0.05	12000	1000	1	500	111
Simulation_315	1.792	0.084	0.256	0.116	2.939	0.963	315	0.05	12000	1000	1	500	111
Simulation_316	1.542	0.051	0.164	0.026	1.373	0.851	316	0.05	12000	1000	1	500	111
Simulation_317	2.543	0.096	0.289	0.098	2.626	0.4	317	0.05	12000	1000	1	500	111
Simulation_318	2.043	0.028	0.1	0.062	2	0.625	318	0.05	12000	1000	1	500	111
Simulation_319	1.041	0.073	0.225	0.135	0.747	0.175	319	0.05	12000	1000	1	500	111
Simulation_320	1.057	0.019	0.075	0.081	2.724	0.238	320	0.05	12000	1000	1	500	111
Simulation_321	2.058	0.064	0.2	0.009	1.471	0.689	321	0.05	12000	1000	1	500	111
Simulation_322	2.559	0.041	0.136	0.118	0.845	0.464	322	0.05	12000	1000	1	500	111
Simulation_323	1.557	0.086	0.261	0.045	2.097	0.914	323	0.05	12000	1000	1	500	111
Simulation_324	1.808	0.053	0.169	0.099	0.532	0.802	324	0.05	12000	1000	1	500	111
Simulation_325	2.809	0.098	0.294	0.027	1.784	0.351	325	0.05	12000	1000	1	500	111
Simulation_326	2.309	0.03	0.106	0.136	2.41	0.576	326	0.05	12000	1000	1	500	111
Simulation_327	1.307	0.075	0.231	0.063	1.158	0.126	327	0.05	12000	1000	1	500	111
Simulation_328	1.432	0.036	0.122	0.036	1.628	0.182	328	0.05	12000	1000	1	500	111
Simulation_329	2.434	0.081	0.247	0.108	2.88	0.633	329	0.05	12000	1000	1	500	111
Simulation_330	2.934	0.013	0.058	0.072	2.254	0.407	330	0.05	12000	1000	1	500	111
Simulation_331	1.933	0.058	0.183	0.145	1.001	0.858	331	0.05	12000	1000	1	500	111
Simulation_332	1.683	0.025	0.092	0.018	1.941	0.971	332	0.05	12000	1000	1	500	111
Simulation_333	2.684	0.07	0.217	0.09	0.688	0.52	333	0.05	12000	1000	1	500	111
Simulation_334	2.183	0.047	0.153	0.054	1.315	0.745	334	0.05	12000	1000	1	500	111
Simulation_335	1.182	0.092	0.278	0.127	2.567	0.295	335	0.05	12000	1000	1	500	111
Simulation_336	1.244	0.044	0.144	0.14	2.176	0.548	336	0.05	12000	1000	1	500	111
Simulation_337	2.246	0.089	0.269	0.068	0.923	0.999	337	0.05	12000	1000	1	500	111
Simulation_338	2.747	0.022	0.083	0.104	1.549	0.323	338	0.05	12000	1000	1	500	111
Simulation_339	1.745	0.067	0.208	0.031	2.802	0.773	339	0.05	12000	1000	1	500	111
Simulation_340	1.996	0.01	0.05	0.122	1.236	0.661	340	0.05	12000	1000	1	500	111
Simulation_341	2.997	0.056	0.178	0.049	2.489	0.21	341	0.05	12000	1000	1	500	111
Simulation_342	2.496	0.033	0.114	0.086	1.863	0.886	342	0.05	12000	1000	1	500	111
Simulation_343	1.495	0.078	0.239	0.013	0.61	0.435	343	0.05	12000	1000	1	500	111
Simulation_344	1.37	0.027	0.097	0.058	1.08	0.379	344	0.05	12000	1000	1	500	111
Simulation_345	2.371	0.072	0.222	0.131	2.332	0.83	345	0.05	12000	1000	1	500	111
Simulation_346	2.872	0.05	0.161	0.022	2.958	0.154	346	0.05	12000	1000	1	500	111
Simulation_347	1.87	0.095	0.286	0.095	1.706	0.604	347	0.05	12000	1000	1	500	111
Simulation_348	1.62	0.039	0.131	0.077	2.645	0.717	348	0.05	12000	1000	1	500	111
Simulation_349	2.622	0.084	0.256	0.149	1.393	0.266	349	0.05	12000	1000	1	500	111
Simulation_350	2.121	0.016	0.067	0.04	0.767	0.942	350	0.05	12000	1000	1	500	111
Simulation_351	1.119	0.061	0.192	0.113	2.019	0.492	351	0.05	12000	1000	1	500	111
Simulation_352	1.088	0.043	0.142	0.015	1.354	0.562	352	0.05	12000	1000	1	500	111
Simulation_353	2.089	0.088	0.267	0.088	2.606	0.111	353	0.05	12000	1000	1	500	111
Simulation_354	2.59	0.02	0.078	0.052	1.98	0.787	354	0.05	12000	1000	1	500	111
Simulation_355	1.589	0.065	0.203	0.124	0.727	0.337	355	0.05	12000	1000	1	500	111
Simulation_356	1.839	0.032	0.111	0.034	2.293	0.449	356	0.05	12000	1000	1	500	111
Simulation_357	2.841	0.077	0.236	0.106	1.041	0.9	357	0.05	12000	1000	1	500	111
Simulation_358	2.34	0.054	0.172	0.07	1.667	0.224	358	0.05	12000	1000	1	500	111
Simulation_359	1.338	0.099	0.297	0.142	2.919	0.675	359	0.05	12000	1000	1	500	111
Simulation_360	1.464	0.015	0.064	0.097	2.45	0.731	360	0.05	12000	1000	1	500	111
Simulation_361	2.465	0.06	0.189	0.024	1.197	0.28	361	0.05	12000	1000	1	500	111
Simulation_362	2.966	0.037	0.125	0.133	0.571	0.956	362	0.05	12000	1000	1	500	111
Simulation_363	1.964	0.082	0.25	0.061	1.823	0.506	363	0.05	12000	1000	1	500	111
Simulation_364	1.714	0.048	0.156	0.079	0.884	0.393	364	0.05	12000	1000	1	500	111
Simulation_365	2.715	0.094	0.283	0.006	2.136	0.844	365	0.05	12000	1000	1	500	111
Simulation_366	2.215	0.026	0.094	0.115	2.763	0.168	366	0.05	12000	1000	1	500	111
Simulation_367	1.213	0.071	0.219	0.043	1.51	0.618	367	0.05	12000	1000	1	500	111
Simulation_368	1.151	0.023	0.086	0.074	0.806	0.872	368	0.05	12000	1000	1	500	111
Simulation_369	2.152	0.068	0.211	0.147	2.058	0.421	369	0.05	12000	1000	1	500	111
Simulation_370	2.653	0.046	0.15	0.038	2.684	0.647	370	0.05	12000	1000	1	500	111
Simulation_371	1.651	0.091	0.275	0.111	1.432	0.196	371	0.05	12000	1000	1	500	111
Simulation_372	1.902	0.034	0.117	0.056	2.998	0.309	372	0.05	12000	1000	1	500	111
Simulation_373	2.903	0.079	0.242	0.129	1.745	0.759	373	0.05	12000	1000	1	500	111
Simulation_374	2.402	0.012	0.056	0.02	1.119	0.534	374	0.05	12000	1000	1	500	111
Simulation_375	1.401	0.057	0.181	0.093	2.371	0.985	375	0.05	12000	1000	1	500	111
Simulation_376	1.276	0.051	0.164	0.12	1.902	0.928	376	0.05	12000	1000	1	500	111
Simulation_377	2.277	0.096	0.289	0.047	0.649	0.478	377	0.05	12000	1000	1	500	111
Simulation_378	2.778	0.029	0.103	0.083	1.275	0.703	378	0.05	12000	1000	1	500	111
Simulation_379	1.777	0.074	0.228	0.011	2.528	0.252	379	0.05	12000	1000	1	500	111
Simulation_380	1.526	0.017	0.069	0.138	1.589	0.14	380	0.05	12000	1000	1	500	111
Simulation_381	2.528	0.063	0.197	0.065	2.841	0.59	381	0.05	12000	1000	1	500	111
Simulation_382	2.027	0.04	0.133	0.102	2.215	0.365	382	0.05	12000	1000	1	500	111
Simulation_383	1.025	0.085	0.258	0.029	0.962	0.816	383	0.05	12000	1000	1	500	111
Simulation_384	1.018	0.025	0.092	0.11	2.088	0.615	384	0.05	12000	1000	1	500	111
Simulation_385	2.019	0.07	0.217	0.037	0.835	0.164	385	0.05	12000	1000	1	500	111
Simulation_386	2.52	0.047	0.153	0.146	1.461	0.84	386	0.05	12000	1000	1	500	111
Simulation_387	1.518	0.092	0.278	0.074	2.714	0.39	387	0.05	12000	1000	1	500	111
Simulation_388	1.769	0.036	0.122	0.092	1.148	0.502	388	0.05	12000	1000	1	500	111
Simulation_389	2.77	0.081	0.247	0.019	2.401	0.953	389	0.05	12000	1000	1	500	111
Simulation_390	2.269	0.014	0.061	0.128	1.774	0.277	390	0.05	12000	1000	1	500	111
Simulation_391	1.268	0.059	0.186	0.056	0.522	0.728	391	0.05	12000	1000	1	500	111
Simulation_392	1.393	0.053	0.169	0.01	0.992	0.671	392	0.05	12000	1000	1	500	111
Simulation_393	2.395	0.098	0.294	0.083	2.244	0.221	393	0.05	12000	1000	1	500	111
Simulation_394	2.895	0.031	0.108	0.047	2.87	0.897	394	0.05	12000	1000	1	500	111
Simulation_395	1.894	0.076	0.233	0.119	1.618	0.446	395	0.05	12000	1000	1	500	111
Simulation_396	1.644	0.019	0.075	0.028	2.557	0.333	396	0.05	12000	1000	1	500	111
Simulation_397	2.645	0.064	0.2	0.101	1.305	0.784	397	0.05	12000	1000	1	500	111
Simulation_398	2.144	0.042	0.139	0.065	0.679	0.108	398	0.05	12000	1000	1	500	111
Simulation_399	1.143	0.087	0.264	0.137	1.931	0.559	399	0.05	12000	1000	1	500	111
Simulation_400	1.205	0.039	0.131	0.124	2.792	0.812	400	0.05	12000	1000	1	500	111
Simulation_401	2.207	0.084	0.256	0.051	1.54	0.361	401	0.05	12000	1000	1	500	111
Simulation_402	2.708	0.016	0.067	0.087	0.913	0.587	402	0.05	12000	1000	1	500	111
Simulation_403	1.706	0.061	0.192	0.015	2.166	0.136	403	0.05	12000	1000	1	500	111
Simulation_404	1.956	0.028	0.1	0.142	0.6	0.249	404	0.05	12000	1000	1	500	111
Simulation_405	2.958	0.073	0.225	0.069	1.853	0.699	405	0.05	12000	1000	1	500	111
Simulation_406	2.457	0.05	0.161	0.106	2.479	0.474	406	0.05	12000	1000	1	500	111
Simulation_407	1.456	0.095	0.286	0.033	1.227	0.925	407	0.05	12000	1000	1	500	111
Simulation_408	1.331	0.011	0.053	0.06	1.696	0.981	408	0.05	12000	1000	1	500	111
Simulation_409	2.332	0.056	0.178	0.133	2.949	0.53	409	0.05	12000	1000	1	500	111
Simulation_410	2.833	0.033	0.114	0.024	2.322	0.756	410	0.05	12000	1000	1	500	111
Simulation_411	1.831	0.078	0.239	0.097	1.07	0.305	411	0.05	12000	1000	1	500	111
Simulation_412	1.581	0.045	0.147	0.042	2.009	0.192	412	0.05	12000	1000	1	500	111
Simulation_413	2.582	0.09	0.272	0.115	0.757	0.643	413	0.05	12000	1000	1	500	111
Simulation_414	2.082	0.022	0.083	0.006	1.383	0.418	414	0.05	12000	1000	1	500	111
Simulation_415	1.08	0.067	0.208	0.078	2.636	0.868	415	0.05	12000	1000	1	500	111
Simulation_416	1.111	0.049	0.158	0.031	0.718	0.291	416	0.05	12000	1000	1	500	111
Simulation_417	2.113	0.094	0.283	0.103	1.97	0.742	417	0.05	12000	1000	1	500	111
Simulation_418	2.614	0.026	0.094	0.067	2.596	0.516	418	0.05	12000	1000	1	500	111
Simulation_419	1.612	0.071	0.219	0.14	1.344	0.967	419	0.05	12000	1000	1	500	111
Simulation_420	1.863	0.015	0.064	0.013	2.909	0.854	420	0.05	12000	1000	1	500	111
Simulation_421	2.864	0.06	0.189	0.085	1.657	0.404	421	0.05	12000	1000	1	500	111
Simulation_422	2.363	0.038	0.128	0.049	1.031	0.629	422	0.05	12000	1000	1	500	111
Simulation_423	1.362	0.083	0.253	0.121	2.283	0.178	423	0.05	12000	1000	1	500	111
Simulation_424	1.487	0.032	0.111	0.094	1.814	0.122	424	0.05	12000	1000	1	500	111
Simulation_425	2.489	0.077	0.236	0.022	0.561	0.573	425	0.05	12000	1000	1	500	111
Simulation_426	2.989	0.054	0.172	0.131	1.187	0.347	426	0.05	12000	1000	1	500	111
Simulation_427	1.988	0.1	0.3	0.058	2.44	0.798	427	0.05	12000	1000	1	500	111
Simulation_428	1.737	0.043	0.142	0.112	1.5	0.911	428	0.05	12000	1000	1	500	111
Simulation_429	2.739	0.088	0.267	0.04	2.753	0.46	429	0.05	12000	1000	1	500	111
Simulation_430	2.238	0.021	0.081	0.149	2.127	0.685	430	0.05	12000	1000	1	500	111
Simulation_431	1.237	0.066	0.206	0.076	0.874	0.235	431	0.05	12000	1000	1	500	111
Simulation_432	1.174	0.018	0.072	0.044	1.422	0.488	432	0.05	12000	1000	1	500	111
Simulation_433	2.176	0.063	0.197	0.117	2.675	0.939	433	0.05	12000	1000	1	500	111
Simulation_434	2.676	0.04	0.133	0.008	2.048	0.263	434	0.05	12000	1000	1	500	111
Simulation_435	1.675	0.085	0.258	0.081	0.796	0.713	435	0.05	12000	1000	1	500	111
Simulation_436	1.925	0.052	0.167	0.062	2.362	0.601	436	0.05	12000	1000	1	500	111
Simulation_437	2.927	0.097	0.292	0.135	1.109	0.15	437	0.05	12000	1000	1	500	111
Simulation_438	2.426	0.029	0.103	0.026	1.735	0.826	438	0.05	12000	1000	1	500	111
Simulation_439	1.424	0.074	0.228	0.099	2.988	0.376	439	0.05	12000	1000	1	500	111
Simulation_440	1.299	0.035	0.119	0.144	2.518	0.432	440	0.05	12000	1000	1	500	111
Simulation_441	2.301	0.08	0.244	0.072	1.266	0.882	441	0.05	12000	1000	1	500	111
Simulation_442	2.801	0.012	0.056	0.108	0.639	0.207	442	0.05	12000	1000	1	500	111
Simulation_443	1.8	0.057	0.181	0.035	1.892	0.657	443	0.05	12000	1000	1	500	111
Simulation_444	1.55	0.023	0.086	0.126	0.953	0.77	444	0.05	12000	1000	1	500	111
Simulation_445	2.551	0.069	0.214	0.053	2.205	0.319	445	0.05	12000	1000	1	500	111
Simulation_446	2.05	0.046	0.15	0.09	2.831	0.995	446	0.05	12000	1000	1	500	111
Simulation_447	1.049	0.091	0.275	0.017	1.579	0.544	447	0.05	12000	1000	1	500	111
Simulation_448	1.033	0.037	0.125	0.073	1.951	0.368	448	0.05	12000	1000	1	500	111
Simulation_449	2.035	0.082	0.25	0.145	0.698	0.819	449	0.05	12000	1000	1	500	111
Simulation_450	2.535	0.014	0.061	0.036	1.324	0.143	450	0.05	12000	1000	1	500	111
Simulation_451	1.534	0.059	0.186	0.109	2.577	0.594	451	0.05	12000	1000	1	500	111
Simulation_452	1.784	0.026	0.094	0.055	1.637	0.706	452	0.05	12000	1000	1	500	111
Simulation_453	2.786	0.071	0.219	0.127	2.89	0.256	453	0.05	12000	1000	1	500	111
Simulation_454	2.285	0.048	0.156	0.018	2.264	0.932	454	0.05	12000	1000	1	500	111
Simulation_455	1.284	0.093	0.281	0.091	1.011	0.481	455	0.05	12000	1000	1	500	111
Simulation_456	1.409	0.02	0.078	0.118	0.542	0.537	456	0.05	12000	1000	1	500	111
Simulation_457	2.41	0.065	0.203	0.045	1.794	0.988	457	0.05	12000	1000	1	500	111
Simulation_458	2.911	0.042	0.139	0.082	2.42	0.312	458	0.05	12000	1000	1	500	111
Simulation_459	1.91	0.088	0.267	0.009	1.168	0.763	459	0.05	12000	1000	1	500	111
Simulation_460	1.659	0.054	0.172	0.136	2.733	0.65	460	0.05	12000	1000	1	500	111
Simulation_461	2.661	0.099	0.297	0.064	1.481	0.199	461	0.05	12000	1000	1	500	111
Simulation_462	2.16	0.031	0.108	0.1	0.855	0.875	462	0.05	12000	1000	1	500	111
Simulation_463	1.158	0.076	0.233	0.027	2.107	0.425	463	0.05	12000	1000	1	500	111
Simulation_464	1.221	0.028	0.1	0.023	2.655	0.171	464	0.05	12000	1000	1	500	111
Simulation_465	2.222	0.073	0.225	0.095	1.403	0.622	465	0.05	12000	1000	1	500	111
Simulation_466	2.723	0.051	0.164	0.059	0.776	0.397	466	0.05	12000	1000	1	500	111
Simulation_467	1.722	0.096	0.289	0.132	2.029	0.847	467	0.05	12000	1000	1	500	111
Simulation_468	1.972	0.04	0.133	0.041	1.09	0.96	468	0.05	12000	1000	1	500	111
Simulation_469	2.974	0.085	0.258	0.114	2.342	0.509	469	0.05	12000	1000	1	500	111
Simulation_470	2.473	0.017	0.069	0.077	2.968	0.735	470	0.05	12000	1000	1	500	111
Simulation_471	1.471	0.062	0.194	0.15	1.716	0.284	471	0.05	12000	1000	1	500	111
Simulation_472	1.346	0.045	0.147	0.104	1.246	0.228	472	0.05	12000	1000	1	500	111
Simulation_473	2.348	0.09	0.272	0.032	2.499	0.678	473	0.05	12000	1000	1	500	111
Simulation_474	2.848	0.023	0.086	0.141	1.872	0.453	474	0.05	12000	1000	1	500	111
Simulation_475	1.847	0.068	0.211	0.068	0.62	0.904	475	0.05	12000	1000	1	500	111
Simulation_476	1.597	0.011	0.053	0.086	2.185	0.791	476	0.05	12000	1000	1	500	111
Simulation_477	2.598	0.057	0.181	0.014	0.933	0.34	477	0.05	12000	1000	1	500	111
Simulation_478	2.097	0.034	0.117	0.123	1.559	0.566	478	0.05	12000	1000	1	500	111
Simulation_479	1.096	0.079	0.242	0.05	2.812	0.115	479	0.05	12000	1000	1	500	111
Simulation_480	1.065	0.013	0.058	0.134	0.816	0.918	480	0.05	12000	1000	1	500	111
Simulation_481	2.066	0.058	0.183	0.061	2.068	0.467	481	0.05	12000	1000	1	500	111
Simulation_482	2.567	0.035	0.119	0.098	2.694	0.692	482	0.05	12000	1000	1	500	111
Simulation_483	1.565	0.081	0.247	0.025	1.442	0.242	483	0.05	12000	1000	1	500	111
Simulation_484	1.816	0.047	0.153	0.116	2.381	0.129	484	0.05	12000	1000	1	500	111
Simulation_485	2.817	0.092	0.278	0.043	1.129	0.58	485	0.05	12000	1000	1	500	111
Simulation_486	2.316	0.024	0.089	0.079	0.502	0.354	486	0.05	12000	1000	1	500	111
Simulation_487	1.315	0.069	0.214	0.007	1.755	0.805	487	0.05	12000	1000	1	500	111
Simulation_488	1.44	0.041	0.136	0.052	2.225	0.861	488	0.05	12000	1000	1	500	111
Simulation_489	2.442	0.086	0.261	0.125	0.972	0.411	489	0.05	12000	1000	1	500	111
Simulation_490	2.942	0.019	0.075	0.016	1.598	0.636	490	0.05	12000	1000	1	500	111
Simulation_491	1.941	0.064	0.2	0.089	2.851	0.185	491	0.05	12000	1000	1	500	111
Simulation_492	1.69	0.03	0.106	0.07	1.285	0.298	492	0.05	12000	1000	1	500	111
Simulation_493	2.692	0.075	0.231	0.143	2.538	0.749	493	0.05	12000	1000	1	500	111
Simulation_494	2.191	0.052	0.167	0.034	1.911	0.523	494	0.05	12000	1000	1	500	111
Simulation_495	1.19	0.097	0.292	0.107	0.659	0.974	495	0.05	12000	1000	1	500	111
Simulation_496	1.127	0.05	0.161	0.084	1.52	0.721	496	0.05	12000	1000	1	500	111
Simulation_497	2.129	0.095	0.286	0.011	2.773	0.27	497	0.05	12000	1000	1	500	111
Simulation_498	2.629	0.027	0.097	0.12	2.146	0.946	498	0.05	12000	1000	1	500	111
Simulation_499	1.628	0.072	0.222	0.048	0.894	0.495	499	0.05	12000	1000	1	500	111
Simulation_500	1.878	0.016	0.067	0.102	1.833	0.383	500	0.05	12000	1000	1	500	111
Simulation_501	2.88	0.061	0.192	0.03	0.581	0.833	501	0.05	12000	1000	1	500	111
Simulation_502	2.379	0.038	0.128	0.139	1.207	0.157	502	0.05	12000	1000	1	500	111
Simulation_503	1.378	0.083	0.253	0.066	2.459	0.608	503	0.05	12000	1000	1	500	111
Simulation_504	1.252	0.021	0.081	0.039	2.929	0.552	504	0.05	12000	1000	1	500	111
Simulation_505	2.254	0.066	0.206	0.111	1.677	0.101	505	0.05	12000	1000	1	500	111
Simulation_506	2.755	0.044	0.144	0.075	1.05	0.777	506	0.05	12000	1000	1	500	111
Simulation_507	1.753	0.089	0.269	0.148	2.303	0.326	507	0.05	12000	1000	1	500	111
Simulation_508	1.503	0.033	0.114	0.02	0.737	0.439	508	0.05	12000	1000	1	500	111
Simulation_509	2.504	0.078	0.239	0.093	1.99	0.89	509	0.05	12000	1000	1	500	111
Simulation_510	2.003	0.01	0.05	0.057	2.616	0.214	510	0.05	12000	1000	1	500	111
Simulation_511	1.002	0.055	0.175	0.129	1.364	0.664	511	0.05	12000	1000	1	500	111
Simulation_512	1.004	0.033	0.114	0.027	2.741	0.494	512	0.05	12000	1000	1	500	111
Simulation_513	2.005	0.078	0.239	0.099	1.488	0.945	513	0.05	12000	1000	1	500	111
Simulation_514	2.506	0.01	0.05	0.063	0.862	0.269	514	0.05	12000	1000	1	500	111
Simulation_515	1.505	0.055	0.175	0.136	2.114	0.72	515	0.05	12000	1000	1	500	111
Simulation_516	1.755	0.021	0.081	0.009	0.549	0.607	516	0.05	12000	1000	1	500	111
Simulation_517	2.756	0.066	0.206	0.081	1.801	0.156	517	0.05	12000	1000	1	500	111
Simulation_518	2.256	0.044	0.144	0.045	2.428	0.832	518	0.05	12000	1000	1	500	111
Simulation_519	1.254	0.089	0.269	0.118	1.175	0.382	519	0.05	12000	1000	1	500	111
Simulation_520	1.379	0.016	0.067	0.09	1.645	0.325	520	0.05	12000	1000	1	500	111
Simulation_521	2.381	0.061	0.192	0.018	2.897	0.776	521	0.05	12000	1000	1	500	111
Simulation_522	2.882	0.038	0.128	0.127	2.271	0.1	522	0.05	12000	1000	1	500	111
Simulation_523	1.88	0.083	0.253	0.054	1.019	0.551	523	0.05	12000	1000	1	500	111
Simulation_524	1.63	0.049	0.158	0.109	1.958	0.663	524	0.05	12000	1000	1	500	111
Simulation_525	2.631	0.094	0.283	0.036	0.705	0.213	525	0.05	12000	1000	1	500	111
Simulation_526	2.131	0.027	0.097	0.145	1.332	0.889	526	0.05	12000	1000	1	500	111
Simulation_527	1.129	0.072	0.222	0.072	2.584	0.438	527	0.05	12000	1000	1	500	111
Simulation_528	1.192	0.03	0.106	0.05	2.193	0.241	528	0.05	12000	1000	1	500	111
Simulation_529	2.193	0.075	0.231	0.122	0.94	0.691	529	0.05	12000	1000	1	500	111
Simulation_530	2.694	0.052	0.167	0.013	1.567	0.466	530	0.05	12000	1000	1	500	111
Simulation_531	1.692	0.097	0.292	0.086	2.819	0.917	531	0.05	12000	1000	1	500	111
Simulation_532	1.943	0.041	0.136	0.068	1.253	0.804	532	0.05	12000	1000	1	500	111
Simulation_533	2.944	0.086	0.261	0.14	2.506	0.353	533	0.05	12000	1000	1	500	111
Simulation_534	2.444	0.018	0.072	0.031	1.88	0.579	534	0.05	12000	1000	1	500	111
Simulation_535	1.442	0.064	0.2	0.104	0.627	0.128	535	0.05	12000	1000	1	500	111
Simulation_536	1.317	0.047	0.153	0.149	1.097	0.184	536	0.05	12000	1000	1	500	111
Simulation_537	2.318	0.092	0.278	0.077	2.349	0.635	537	0.05	12000	1000	1	500	111
Simulation_538	2.819	0.024	0.089	0.113	2.976	0.41	538	0.05	12000	1000	1	500	111
Simulation_539	1.818	0.069	0.214	0.04	1.723	0.86	539	0.05	12000	1000	1	500	111
Simulation_540	1.567	0.013	0.058	0.131	2.662	0.973	540	0.05	12000	1000	1	500	111
Simulation_541	2.569	0.058	0.183	0.059	1.41	0.522	541	0.05	12000	1000	1	500	111
Simulation_542	2.068	0.035	0.119	0.095	0.784	0.748	542	0.05	12000	1000	1	500	111
Simulation_543	1.067	0.08	0.244	0.022	2.036	0.297	543	0.05	12000	1000	1	500	111
Simulation_544	1.098	0.011	0.053	0.106	1.293	0.846	544	0.05	12000	1000	1	500	111
Simulation_545	2.099	0.056	0.178	0.034	2.545	0.396	545	0.05	12000	1000	1	500	111
Simulation_546	2.6	0.034	0.117	0.143	1.919	0.621	546	0.05	12000	1000	1	500	111
Simulation_547	1.599	0.079	0.242	0.07	0.666	0.17	547	0.05	12000	1000	1	500	111
Simulation_548	1.849	0.045	0.147	0.088	2.232	0.283	548	0.05	12000	1000	1	500	111
Simulation_549	2.85	0.09	0.272	0.015	0.979	0.734	549	0.05	12000	1000	1	500	111
Simulation_550	2.35	0.023	0.086	0.124	1.606	0.508	550	0.05	12000	1000	1	500	111
Simulation_551	1.348	0.068	0.211	0.052	2.858	0.959	551	0.05	12000	1000	1	500	111
Simulation_552	1.473	0.04	0.133	0.006	2.388	0.903	552	0.05	12000	1000	1	500	111
Simulation_553	2.475	0.085	0.258	0.079	1.136	0.452	553	0.05	12000	1000	1	500	111
Simulation_554	2.976	0.017	0.069	0.043	0.51	0.677	554	0.05	12000	1000	1	500	111
Simulation_555	1.974	0.062	0.194	0.115	1.762	0.227	555	0.05	12000	1000	1	500	111
Simulation_556	1.724	0.028	0.1	0.025	0.823	0.114	556	0.05	12000	1000	1	500	111
Simulation_557	2.725	0.073	0.225	0.097	2.075	0.565	557	0.05	12000	1000	1	500	111
Simulation_558	2.224	0.051	0.164	0.061	2.702	0.339	558	0.05	12000	1000	1	500	111
Simulation_559	1.223	0.096	0.289	0.134	1.449	0.79	559	0.05	12000	1000	1	500	111
Simulation_560	1.16	0.054	0.172	0.129	0.745	0.593	560	0.05	12000	1000	1	500	111
Simulation_561	2.162	0.099	0.297	0.056	1.997	0.142	561	0.05	12000	1000	1	500	111
Simulation_562	2.663	0.031	0.108	0.093	2.623	0.818	562	0.05	12000	1000	1	500	111
Simulation_563	1.661	0.076	0.233	0.02	1.371	0.368	563	0.05	12000	1000	1	500	111
Simulation_564	1.911	0.02	0.078	0.147	2.936	0.48	564	0.05	12000	1000	1	500	111
Simulation_565	2.913	0.065	0.203	0.075	1.684	0.931	565	0.05	12000	1000	1	500	111
Simulation_566	2.412	0.042	0.139	0.111	1.058	0.255	566	0.05	12000	1000	1	500	111
Simulation_567	1.411	0.087	0.264	0.038	2.31	0.706	567	0.05	12000	1000	1	500	111
Simulation_568	1.286	0.025	0.092	0.065	1.841	0.762	568	0.05	12000	1000	1	500	111
Simulation_569	2.287	0.071	0.219	0.138	0.588	0.311	569	0.05	12000	1000	1	500	111
Simulation_570	2.788	0.048	0.156	0.029	1.214	0.987	570	0.05	12000	1000	1	500	111
Simulation_571	1.786	0.093	0.281	0.102	2.467	0.537	571	0.05	12000	1000	1	500	111
Simulation_572	1.536	0.037	0.125	0.047	1.527	0.424	572	0.05	12000	1000	1	500	111
Simulation_573	2.537	0.082	0.25	0.12	2.78	0.875	573	0.05	12000	1000	1	500	111
Simulation_574	2.037	0.014	0.061	0.011	2.154	0.199	574	0.05	12000	1000	1	500	111
Simulation_575	1.035	0.059	0.186	0.084	0.901	0.649	575	0.05	12000	1000	1	500	111
Simulation_576	1.051	0.023	0.086	0.137	2.565	0.713	576	0.05	12000	1000	1	500	111
Simulation_577	2.052	0.068	0.211	0.064	1.312	0.262	577	0.05	12000	1000	1	500	111
Simulation_578	2.553	0.046	0.15	0.101	0.686	0.938	578	0.05	12000	1000	1	500	111
Simulation_579	1.552	0.091	0.275	0.028	1.938	0.487	579	0.05	12000	1000	1	500	111
Simulation_580	1.802	0.035	0.119	0.119	0.999	0.375	580	0.05	12000	1000	1	500	111
Simulation_581	2.803	0.08	0.244	0.046	2.251	0.825	581	0.05	12000	1000	1	500	111
Simulation_582	2.303	0.012	0.056	0.082	2.878	0.149	582	0.05	12000	1000	1	500	111
Simulation_583	1.301	0.057	0.181	0.01	1.625	0.6	583	0.05	12000	1000	1	500	111
Simulation_584	1.426	0.052	0.167	0.055	1.156	0.656	584	0.05	12000	1000	1	500	111
Simulation_585	2.428	0.097	0.292	0.128	2.408	0.206	585	0.05	12000	1000	1	500	111
Simulation_586	2.929	0.029	0.103	0.019	1.782	0.882	586	0.05	12000	1000	1	500	111
Simulation_587	1.927	0.074	0.228	0.092	0.529	0.431	587	0.05	12000	1000	1	500	111
Simulation_588	1.677	0.018	0.072	0.073	2.095	0.544	588	0.05	12000	1000	1	500	111
Simulation_589	2.678	0.063	0.197	0.146	0.842	0.994	589	0.05	12000	1000	1	500	111
Simulation_590	2.178	0.04	0.133	0.037	1.469	0.318	590	0.05	12000	1000	1	500	111
Simulation_591	1.176	0.085	0.258	0.11	2.721	0.769	591	0.05	12000	1000	1	500	111
Simulation_592	1.239	0.043	0.142	0.078	2.017	0.966	592	0.05	12000	1000	1	500	111
Simulation_593	2.24	0.088	0.267	0.005	0.764	0.515	593	0.05	12000	1000	1	500	111
Simulation_594	2.741	0.021	0.081	0.114	1.39	0.741	594	0.05	12000	1000	1	500	111
Simulation_595	1.739	0.066	0.206	0.042	2.643	0.29	595	0.05	12000	1000	1	500	111
Simulation_596	1.99	0.032	0.111	0.096	1.704	0.177	596	0.05	12000	1000	1	500	111
Simulation_597	2.991	0.077	0.236	0.023	2.956	0.628	597	0.05	12000	1000	1	500	111
Simulation_598	2.49	0.054	0.172	0.132	2.33	0.403	598	0.05	12000	1000	1	500	111
Simulation_599	1.489	0.099	0.297	0.06	1.077	0.853	599	0.05	12000	1000	1	500	111
Simulation_600	1.364	0.015	0.064	0.033	0.608	0.797	600	0.05	12000	1000	1	500	111
Simulation_601	2.365	0.06	0.189	0.105	1.86	0.346	601	0.05	12000	1000	1	500	111
Simulation_602	2.866	0.037	0.125	0.069	2.486	0.572	602	0.05	12000	1000	1	500	111
Simulation_603	1.865	0.083	0.253	0.141	1.234	0.121	603	0.05	12000	1000	1	500	111
Simulation_604	1.614	0.049	0.158	0.014	2.799	0.234	604	0.05	12000	1000	1	500	111
Simulation_605	2.616	0.094	0.283	0.087	1.547	0.684	605	0.05	12000	1000	1	500	111
Simulation_606	2.115	0.026	0.094	0.051	0.921	0.459	606	0.05	12000	1000	1	500	111
Simulation_607	1.113	0.071	0.219	0.123	2.173	0.91	607	0.05	12000	1000	1	500	111
Simulation_608	1.082	0.045	0.147	0.076	1.508	0.135	608	0.05	12000	1000	1	500	111
Simulation_609	2.084	0.09	0.272	0.148	2.76	0.586	609	0.05	12000	1000	1	500	111
Simulation_610	2.584	0.022	0.083	0.039	2.134	0.361	610	0.05	12000	1000	1	500	111
Simulation_611	1.583	0.067	0.208	0.112	0.882	0.811	611	0.05	12000	1000	1	500	111
Simulation_612	1.833	0.011	0.053	0.057	1.821	0.924	612	0.05	12000	1000	1	500	111
Simulation_613	2.835	0.056	0.178	0.13	0.568	0.473	613	0.05	12000	1000	1	500	111
Simulation_614	2.334	0.033	0.114	0.021	1.195	0.699	614	0.05	12000	1000	1	500	111
Simulation_615	1.333	0.078	0.239	0.094	2.447	0.248	615	0.05	12000	1000	1	500	111
Simulation_616	1.458	0.028	0.1	0.121	2.917	0.304	616	0.05	12000	1000	1	500	111
Simulation_617	2.459	0.073	0.225	0.048	1.664	0.755	617	0.05	12000	1000	1	500	111
Simulation_618	2.96	0.05	0.161	0.085	1.038	0.53	618	0.05	12000	1000	1	500	111
Simulation_619	1.958	0.095	0.286	0.012	2.291	0.98	619	0.05	12000	1000	1	500	111
Simulation_620	1.708	0.039	0.131	0.139	0.725	0.868	620	0.05	12000	1000	1	500	111
Simulation_621	2.71	0.084	0.256	0.067	1.977	0.417	621	0.05	12000	1000	1	500	111
Simulation_622	2.209	0.016	0.067	0.103	2.604	0.642	622	0.05	12000	1000	1	500	111
Simulation_623	1.207	0.061	0.192	0.03	1.351	0.192	623	0.05	12000	1000	1	500	111
Simulation_624	1.145	0.019	0.075	0.017	0.96	0.389	624	0.05	12000	1000	1	500	111
Simulation_625	2.146	0.064	0.2	0.089	2.212	0.839	625	0.05	12000	1000	1	500	111
Simulation_626	2.647	0.042	0.139	0.053	2.839	0.163	626	0.05	12000	1000	1	500	111
Simulation_627	1.645	0.087	0.264	0.126	1.586	0.614	627	0.05	12000	1000	1	500	111
Simulation_628	1.896	0.053	0.169	0.035	2.525	0.727	628	0.05	12000	1000	1	500	111
Simulation_629	2.897	0.098	0.294	0.107	1.273	0.276	629	0.05	12000	1000	1	500	111
Simulation_630	2.397	0.03	0.106	0.071	0.647	0.952	630	0.05	12000	1000	1	500	111
Simulation_631	1.395	0.075	0.231	0.144	1.899	0.501	631	0.05	12000	1000	1	500	111
Simulation_632	1.27	0.036	0.122	0.098	2.369	0.445	632	0.05	12000	1000	1	500	111
Simulation_633	2.271	0.081	0.247	0.026	1.116	0.896	633	0.05	12000	1000	1	500	111
Simulation_634	2.772	0.014	0.061	0.135	1.743	0.22	634	0.05	12000	1000	1	500	111
Simulation_635	1.771	0.059	0.186	0.062	2.995	0.67	635	0.05	12000	1000	1	500	111
Simulation_636	1.52	0.025	0.092	0.08	1.43	0.558	636	0.05	12000	1000	1	500	111
Simulation_637	2.522	0.07	0.217	0.008	2.682	0.107	637	0.05	12000	1000	1	500	111
Simulation_638	2.021	0.047	0.153	0.117	2.056	0.783	638	0.05	12000	1000	1	500	111
Simulation_639	1.02	0.092	0.278	0.044	0.803	0.332	639	0.05	12000	1000	1	500	111
Simulation_640	1.027	0.017	0.069	0.127	1.929	0.195	640	0.05	12000	1000	1	500	111
Simulation_641	2.029	0.062	0.194	0.055	0.676	0.646	641	0.05	12000	1000	1	500	111
Simulation_642	2.53	0.04	0.133	0.091	1.302	0.42	642	0.05	12000	1000	1	500	111
Simulation_643	1.528	0.085	0.258	0.018	2.555	0.871	643	0.05	12000	1000	1	500	111
Simulation_644	1.778	0.051	0.164	0.145	1.615	0.984	644	0.05	12000	1000	1	500	111
Simulation_645	2.78	0.096	0.289	0.073	2.868	0.533	645	0.05	12000	1000	1	500	111
Simulation_646	2.279	0.029	0.103	0.109	2.242	0.758	646	0.05	12000	1000	1	500	111
Simulation_647	1.278	0.074	0.228	0.036	0.989	0.308	647	0.05	12000	1000	1	500	111
Simulation_648	1.403	0.034	0.117	0.064	0.52	0.251	648	0.05	12000	1000	1	500	111
Simulation_649	2.404	0.079	0.242	0.136	1.772	0.702	649	0.05	12000	1000	1	500	111
Simulation_650	2.905	0.012	0.056	0.027	2.398	0.477	650	0.05	12000	1000	1	500	111
Simulation_651	1.904	0.057	0.181	0.1	1.146	0.927	651	0.05	12000	1000	1	500	111
Simulation_652	1.653	0.023	0.086	0.046	2.711	0.815	652	0.05	12000	1000	1	500	111
Simulation_653	2.655	0.068	0.211	0.118	1.459	0.364	653	0.05	12000	1000	1	500	111
Simulation_654	2.154	0.046	0.15	0.009	0.833	0.589	654	0.05	12000	1000	1	500	111
Simulation_655	1.153	0.091	0.275	0.082	2.085	0.139	655	0.05	12000	1000	1	500	111
Simulation_656	1.215	0.048	0.156	0.114	2.633	0.336	656	0.05	12000	1000	1	500	111
Simulation_657	2.217	0.093	0.281	0.041	1.381	0.787	657	0.05	12000	1000	1	500	111
Simulation_658	2.717	0.026	0.094	0.15	0.754	0.111	658	0.05	12000	1000	1	500	111
Simulation_659	1.716	0.071	0.219	0.077	2.007	0.561	659	0.05	12000	1000	1	500	111
Simulation_660	1.966	0.015	0.064	0.096	1.068	0.674	660	0.05	12000	1000	1	500	111
Simulation_661	2.968	0.06	0.189	0.023	2.32	0.223	661	0.05	12000	1000	1	500	111
Simulation_662	2.467	0.037	0.125	0.132	2.946	0.899	662	0.05	12000	1000	1	500	111
Simulation_663	1.466	0.082	0.25	0.059	1.694	0.449	663	0.05	12000	1000	1	500	111
Simulation_664	1.34	0.031	0.108	0.014	1.224	0.505	664	0.05	12000	1000	1	500	111
Simulation_665	2.342	0.077	0.236	0.086	2.477	0.956	665	0.05	12000	1000	1	500	111
Simulation_666	2.843	0.054	0.172	0.05	1.85	0.28	666	0.05	12000	1000	1	500	111
Simulation_667	1.841	0.099	0.297	0.123	0.598	0.73	667	0.05	12000	1000	1	500	111
Simulation_668	1.591	0.043	0.142	0.032	2.163	0.618	668	0.05	12000	1000	1	500	111
Simulation_669	2.592	0.088	0.267	0.105	0.911	0.167	669	0.05	12000	1000	1	500	111
Simulation_670	2.091	0.02	0.078	0.068	1.537	0.843	670	0.05	12000	1000	1	500	111
Simulation_671	1.09	0.065	0.203	0.141	2.79	0.392	671	0.05	12000	1000	1	500	111
Simulation_672	1.121	0.039	0.131	0.043	0.872	0.772	672	0.05	12000	1000	1	500	111
Simulation_673	2.123	0.084	0.256	0.116	2.124	0.322	673	0.05	12000	1000	1	500	111
Simulation_674	2.623	0.016	0.067	0.007	2.75	0.998	674	0.05	12000	1000	1	500	111
Simulation_675	1.622	0.061	0.192	0.08	1.498	0.547	675	0.05	12000	1000	1	500	111
Simulation_676	1.872	0.027	0.097	0.061	2.437	0.434	676	0.05	12000	1000	1	500	111
Simulation_677	2.874	0.072	0.222	0.134	1.185	0.885	677	0.05	12000	1000	1	500	111
Simulation_678	2.373	0.05	0.161	0.025	0.559	0.209	678	0.05	12000	1000	1	500	111
Simulation_679	1.372	0.095	0.286	0.098	1.811	0.66	679	0.05	12000	1000	1	500	111
Simulation_680	1.497	0.01	0.05	0.143	2.281	0.603	680	0.05	12000	1000	1	500	111
Simulation_681	2.498	0.055	0.175	0.071	1.028	0.153	681	0.05	12000	1000	1	500	111
Simulation_682	2.999	0.033	0.114	0.107	1.655	0.829	682	0.05	12000	1000	1	500	111
Simulation_683	1.998	0.078	0.239	0.034	2.907	0.378	683	0.05	12000	1000	1	500	111
Simulation_684	1.747	0.044	0.144	0.125	1.341	0.491	684	0.05	12000	1000	1	500	111
Simulation_685	2.749	0.089	0.269	0.052	2.594	0.941	685	0.05	12000	1000	1	500	111
Simulation_686	2.248	0.022	0.083	0.089	1.968	0.265	686	0.05	12000	1000	1	500	111
Simulation_687	1.246	0.067	0.208	0.016	0.715	0.716	687	0.05	12000	1000	1	500	111
Simulation_688	1.184	0.024	0.089	0.03	1.576	0.913	688	0.05	12000	1000	1	500	111
Simulation_689	2.185	0.07	0.217	0.102	2.829	0.463	689	0.05	12000	1000	1	500	111
Simulation_690	2.686	0.047	0.153	0.066	2.203	0.688	690	0.05	12000	1000	1	500	111
Simulation_691	1.685	0.092	0.278	0.139	0.95	0.237	691	0.05	12000	1000	1	500	111
Simulation_692	1.935	0.036	0.122	0.012	1.889	0.125	692	0.05	12000	1000	1	500	111
Simulation_693	2.936	0.081	0.247	0.084	0.637	0.575	693	0.05	12000	1000	1	500	111
Simulation_694	2.436	0.013	0.058	0.048	1.263	0.35	694	0.05	12000	1000	1	500	111
Simulation_695	1.434	0.058	0.183	0.12	2.516	0.801	695	0.05	12000	1000	1	500	111
Simulation_696	1.309	0.053	0.169	0.093	2.985	0.857	696	0.05	12000	1000	1	500	111
Simulation_697	2.311	0.098	0.294	0.021	1.733	0.406	697	0.05	12000	1000	1	500	111
Simulation_698	2.811	0.03	0.106	0.13	1.107	0.632	698	0.05	12000	1000	1	500	111
Simulation_699	1.81	0.075	0.231	0.057	2.359	0.181	699	0.05	12000	1000	1	500	111
Simulation_700	1.559	0.019	0.075	0.111	0.794	0.294	700	0.05	12000	1000	1	500	111
Simulation_701	2.561	0.064	0.2	0.039	2.046	0.744	701	0.05	12000	1000	1	500	111
Simulation_702	2.06	0.041	0.136	0.148	2.672	0.519	702	0.05	12000	1000	1	500	111
Simulation_703	1.059	0.086	0.261	0.075	1.42	0.97	703	0.05	12000	1000	1	500	111
Simulation_704	1.043	0.05	0.161	0.019	2.105	0.794	704	0.05	12000	1000	1	500	111
Simulation_705	2.044	0.096	0.289	0.092	0.852	0.343	705	0.05	12000	1000	1	500	111
Simulation_706	2.545	0.028	0.1	0.056	1.478	0.568	706	0.05	12000	1000	1	500	111
Simulation_707	1.544	0.073	0.225	0.128	2.731	0.118	707	0.05	12000	1000	1	500	111
Simulation_708	1.794	0.017	0.069	0.038	1.165	0.23	708	0.05	12000	1000	1	500	111
Simulation_709	2.796	0.062	0.194	0.11	2.418	0.681	709	0.05	12000	1000	1	500	111
Simulation_710	2.295	0.039	0.131	0.074	1.792	0.456	710	0.05	12000	1000	1	500	111
Simulation_711	1.293	0.084	0.256	0.147	0.539	0.906	711	0.05	12000	1000	1	500	111
Simulation_712	1.419	0.022	0.083	0.101	1.009	0.963	712	0.05	12000	1000	1	500	111
Simulation_713	2.42	0.067	0.208	0.029	2.261	0.512	713	0.05	12000	1000	1	500	111
Simulation_714	2.921	0.045	0.147	0.138	2.887	0.737	714	0.05	12000	1000	1	500	111
Simulation_715	1.919	0.09	0.272	0.065	1.635	0.287	715	0.05	12000	1000	1	500	111
Simulation_716	1.669	0.034	0.117	0.083	2.574	0.174	716	0.05	12000	1000	1	500	111
Simulation_717	2.67	0.079	0.242	0.01	1.322	0.625	717	0.05	12000	1000	1	500	111
Simulation_718	2.17	0.011	0.053	0.119	0.696	0.399	718	0.05	12000	1000	1	500	111
Simulation_719	1.168	0.056	0.178	0.047	1.948	0.85	719	0.05	12000	1000	1	500	111
Simulation_720	1.231	0.014	0.061	0.069	2.809	0.653	720	0.05	12000	1000	1	500	111
Simulation_721	2.232	0.059	0.186	0.142	1.557	0.202	721	0.05	12000	1000	1	500	111
Simulation_722	2.733	0.036	0.122	0.033	0.931	0.878	722	0.05	12000	1000	1	500	111
Simulation_723	1.732	0.081	0.247	0.106	2.183	0.427	723	0.05	12000	1000	1	500	111
Simulation_724	1.982	0.048	0.156	0.051	0.617	0.54	724	0.05	12000	1000	1	500	111
Simulation_725	2.983	0.093	0.281	0.124	1.87	0.991	725	0.05	12000	1000	1	500	111
Simulation_726	2.483	0.025	0.092	0.015	2.496	0.315	726	0.05	12000	1000	1	500	111
Simulation_727	1.481	0.07	0.217	0.088	1.244	0.765	727	0.05	12000	1000	1	500	111
Simulation_728	1.356	0.042	0.139	0.115	1.713	0.709	728	0.05	12000	1000	1	500	111
Simulation_729	2.357	0.087	0.264	0.042	2.966	0.258	729	0.05	12000	1000	1	500	111
Simulation_730	2.858	0.02	0.078	0.078	2.34	0.934	730	0.05	12000	1000	1	500	111
Simulation_731	1.857	0.065	0.203	0.006	1.087	0.484	731	0.05	12000	1000	1	500	111
Simulation_732	1.606	0.031	0.108	0.133	2.026	0.371	732	0.05	12000	1000	1	500	111
Simulation_733	2.608	0.076	0.233	0.06	0.774	0.822	733	0.05	12000	1000	1	500	111
Simulation_734	2.107	0.053	0.169	0.097	1.4	0.146	734	0.05	12000	1000	1	500	111
Simulation_735	1.106	0.098	0.294	0.024	2.653	0.596	735	0.05	12000	1000	1	500	111
Simulation_736	1.074	0.029	0.103	0.085	0.657	0.442	736	0.05	12000	1000	1	500	111
Simulation_737	2.076	0.074	0.228	0.013	1.909	0.892	737	0.05	12000	1000	1	500	111
Simulation_738	2.577	0.052	0.167	0.122	2.535	0.216	738	0.05	12000	1000	1	500	111
Simulation_739	1.575	0.097	0.292	0.049	1.283	0.667	739	0.05	12000	1000	1	500	111
Simulation_740	1.825	0.041	0.136	0.103	2.848	0.554	740	0.05	12000	1000	1	500	111
Simulation_741	2.827	0.086	0.261	0.031	1.596	0.104	741	0.05	12000	1000	1	500	111
Simulation_742	2.326	0.018	0.072	0.14	0.97	0.78	742	0.05	12000	1000	1	500	111
Simulation_743	1.325	0.063	0.197	0.067	2.222	0.329	743	0.05	12000	1000	1	500	111
Simulation_744	1.45	0.046	0.15	0.04	1.752	0.385	744	0.05	12000	1000	1	500	111
Simulation_745	2.451	0.091	0.275	0.113	0.5	0.836	745	0.05	12000	1000	1	500	111
Simulation_746	2.952	0.024	0.089	0.076	1.126	0.16	746	0.05	12000	1000	1	500	111
Simulation_747	1.951	0.069	0.214	0.149	2.379	0.611	747	0.05	12000	1000	1	500	111
Simulation_748	1.7	0.012	0.056	0.022	1.439	0.723	748	0.05	12000	1000	1	500	111
Simulation_749	2.702	0.058	0.183	0.094	2.692	0.273	749	0.05	12000	1000	1	500	111
Simulation_750	2.201	0.035	0.119	0.058	2.066	0.949	750	0.05	12000	1000	1	500	111
Simulation_751	1.2	0.08	0.244	0.131	0.813	0.498	751	0.05	12000	1000	1	500	111
Simulation_752	1.137	0.038	0.128	0.135	1.361	0.301	752	0.05	12000	1000	1	500	111
Simulation_753	2.138	0.083	0.253	0.063	2.614	0.751	753	0.05	12000	1000	1	500	111
Simulation_754	2.639	0.015	0.064	0.099	1.987	0.526	754	0.05	12000	1000	1	500	111
Simulation_755	1.638	0.06	0.189	0.026	0.735	0.977	755	0.05	12000	1000	1	500	111
Simulation_756	1.888	0.027	0.097	0.117	2.3	0.864	756	0.05	12000	1000	1	500	111
Simulation_757	2.889	0.072	0.222	0.044	1.048	0.413	757	0.05	12000	1000	1	500	111
Simulation_758	2.389	0.049	0.158	0.081	1.674	0.639	758	0.05	12000	1000	1	500	111
Simulation_759	1.387	0.094	0.283	0.008	2.927	0.188	759	0.05	12000	1000	1	500	111
Simulation_760	1.262	0.021	0.081	0.054	2.457	0.132	760	0.05	12000	1000	1	500	111
Simulation_761	2.264	0.066	0.206	0.126	1.205	0.582	761	0.05	12000	1000	1	500	111
Simulation_762	2.764	0.043	0.142	0.017	0.578	0.357	762	0.05	12000	1000	1	500	111
Simulation_763	1.763	0.089	0.269	0.09	1.831	0.808	763	0.05	12000	1000	1	500	111
Simulation_764	1.512	0.055	0.175	0.072	0.891	0.92	764	0.05	12000	1000	1	500	111
Simulation_765	2.514	0.1	0.3	0.144	2.144	0.47	765	0.05	12000	1000	1	500	111
Simulation_766	2.013	0.032	0.111	0.035	2.77	0.695	766	0.05	12000	1000	1	500	111
Simulation_767	1.012	0.077	0.236	0.108	1.518	0.244	767	0.05	12000	1000	1	500	111
Simulation_768	1.008	0.032	0.111	0.067	0.975	0.584	768	0.05	12000	1000	1	500	111
Simulation_769	2.009	0.077	0.236	0.14	2.227	0.133	769	0.05	12000	1000	1	500	111
Simulation_770	2.51	0.055	0.175	0.031	2.853	0.809	770	0.05	12000	1000	1	500	111
Simulation_771	1.509	0.1	0.3	0.104	1.601	0.359	771	0.05	12000	1000	1	500	111
Simulation_772	1.759	0.044	0.144	0.049	2.54	0.471	772	0.05	12000	1000	1	500	111
Simulation_773	2.76	0.089	0.269	0.122	1.288	0.922	773	0.05	12000	1000	1	500	111
Simulation_774	2.26	0.021	0.081	0.013	0.661	0.246	774	0.05	12000	1000	1	500	111
Simulation_775	1.258	0.066	0.206	0.086	1.914	0.697	775	0.05	12000	1000	1	500	111
Simulation_776	1.383	0.049	0.158	0.131	2.07	0.753	776	0.05	12000	1000	1	500	111
Simulation_777	2.385	0.094	0.283	0.058	0.818	0.302	777	0.05	12000	1000	1	500	111
Simulation_778	2.886	0.027	0.097	0.095	1.444	0.978	778	0.05	12000	1000	1	500	111
Simulation_779	1.884	0.072	0.222	0.022	2.697	0.528	779	0.05	12000	1000	1	500	111
Simulation_780	1.634	0.015	0.064	0.149	1.131	0.415	780	0.05	12000	1000	1	500	111
Simulation_781	2.635	0.061	0.192	0.077	2.384	0.866	781	0.05	12000	1000	1	500	111
Simulation_782	2.134	0.038	0.128	0.113	1.757	0.19	782	0.05	12000	1000	1	500	111
Simulation_783	1.133	0.083	0.253	0.04	0.505	0.64	783	0.05	12000	1000	1	500	111
Simulation_784	1.196	0.035	0.119	0.008	1.679	0.838	784	0.05	12000	1000	1	500	111
Simulation_785	2.197	0.08	0.244	0.081	2.932	0.387	785	0.05	12000	1000	1	500	111
Simulation_786	2.698	0.013	0.058	0.045	2.305	0.612	786	0.05	12000	1000	1	500	111
Simulation_787	1.696	0.058	0.183	0.117	1.053	0.162	787	0.05	12000	1000	1	500	111
Simulation_788	1.947	0.024	0.089	0.027	1.992	0.274	788	0.05	12000	1000	1	500	111
Simulation_789	2.948	0.069	0.214	0.099	0.74	0.725	789	0.05	12000	1000	1	500	111
Simulation_790	2.447	0.046	0.15	0.063	1.366	0.5	790	0.05	12000	1000	1	500	111
Simulation_791	1.446	0.092	0.278	0.136	2.618	0.95	791	0.05	12000	1000	1	500	111
Simulation_792	1.321	0.018	0.072	0.108	2.775	0.894	792	0.05	12000	1000	1	500	111
Simulation_793	2.322	0.063	0.197	0.036	1.523	0.443	793	0.05	12000	1000	1	500	111
Simulation_794	2.823	0.041	0.136	0.145	0.896	0.669	794	0.05	12000	1000	1	500	111
Simulation_795	1.822	0.086	0.261	0.072	2.149	0.218	795	0.05	12000	1000	1	500	111
Simulation_796	1.571	0.052	0.167	0.09	0.583	0.105	796	0.05	12000	1000	1	500	111
Simulation_797	2.573	0.097	0.292	0.017	1.836	0.556	797	0.05	12000	1000	1	500	111
Simulation_798	2.072	0.03	0.106	0.126	2.462	0.331	798	0.05	12000	1000	1	500	111
Simulation_799	1.07	0.075	0.231	0.054	1.209	0.781	799	0.05	12000	1000	1	500	111
Simulation_800	1.102	0.053	0.169	0.147	1.796	0.26	800	0.05	12000	1000	1	500	111
Simulation_801	2.103	0.099	0.297	0.074	0.544	0.711	801	0.05	12000	1000	1	500	111
Simulation_802	2.604	0.031	0.108	0.111	1.17	0.486	802	0.05	12000	1000	1	500	111
Simulation_803	1.602	0.076	0.233	0.038	2.423	0.936	803	0.05	12000	1000	1	500	111
Simulation_804	1.853	0.02	0.078	0.129	1.483	0.824	804	0.05	12000	1000	1	500	111
Simulation_805	2.854	0.065	0.203	0.056	2.736	0.373	805	0.05	12000	1000	1	500	111
Simulation_806	2.354	0.042	0.139	0.092	2.11	0.598	806	0.05	12000	1000	1	500	111
Simulation_807	1.352	0.087	0.264	0.02	0.857	0.148	807	0.05	12000	1000	1	500	111
Simulation_808	1.477	0.025	0.092	0.047	0.701	0.204	808	0.05	12000	1000	1	500	111
Simulation_809	2.479	0.07	0.217	0.12	1.953	0.655	809	0.05	12000	1000	1	500	111
Simulation_810	2.979	0.048	0.156	0.011	2.579	0.429	810	0.05	12000	1000	1	500	111
Simulation_811	1.978	0.093	0.281	0.083	1.327	0.88	811	0.05	12000	1000	1	500	111
Simulation_812	1.728	0.037	0.125	0.065	2.892	0.993	812	0.05	12000	1000	1	500	111
Simulation_813	2.729	0.082	0.25	0.138	1.64	0.542	813	0.05	12000	1000	1	500	111
Simulation_814	2.228	0.014	0.061	0.029	1.014	0.767	814	0.05	12000	1000	1	500	111
Simulation_815	1.227	0.059	0.186	0.101	2.266	0.317	815	0.05	12000	1000	1	500	111
Simulation_816	1.164	0.011	0.053	0.088	2.501	0.514	816	0.05	12000	1000	1	500	111
Simulation_817	2.166	0.056	0.178	0.015	1.249	0.964	817	0.05	12000	1000	1	500	111
Simulation_818	2.667	0.034	0.117	0.124	0.622	0.288	818	0.05	12000	1000	1	500	111
Simulation_819	1.665	0.079	0.242	0.052	1.875	0.739	819	0.05	12000	1000	1	500	111
Simulation_820	1.915	0.045	0.147	0.106	0.935	0.626	820	0.05	12000	1000	1	500	111
Simulation_821	2.917	0.09	0.272	0.033	2.188	0.176	821	0.05	12000	1000	1	500	111
Simulation_822	2.416	0.022	0.083	0.142	2.814	0.852	822	0.05	12000	1000	1	500	111
Simulation_823	1.415	0.068	0.211	0.07	1.562	0.401	823	0.05	12000	1000	1	500	111
Simulation_824	1.289	0.039	0.131	0.024	1.405	0.345	824	0.05	12000	1000	1	500	111
Simulation_825	2.291	0.084	0.256	0.097	2.658	0.795	825	0.05	12000	1000	1	500	111
Simulation_826	2.792	0.017	0.069	0.061	2.031	0.119	826	0.05	12000	1000	1	500	111
Simulation_827	1.79	0.062	0.194	0.133	0.779	0.57	827	0.05	12000	1000	1	500	111
Simulation_828	1.54	0.028	0.1	0.006	2.344	0.683	828	0.05	12000	1000	1	500	111
Simulation_829	2.541	0.073	0.225	0.079	1.092	0.232	829	0.05	12000	1000	1	500	111
Simulation_830	2.041	0.051	0.164	0.042	1.718	0.908	830	0.05	12000	1000	1	500	111
Simulation_831	1.039	0.096	0.289	0.115	2.971	0.457	831	0.05	12000	1000	1	500	111
Simulation_832	1.055	0.042	0.139	0.096	0.564	0.408	832	0.05	12000	1000	1	500	111
Simulation_833	2.056	0.087	0.264	0.023	1.816	0.859	833	0.05	12000	1000	1	500	111
Simulation_834	2.557	0.019	0.075	0.132	2.442	0.183	834	0.05	12000	1000	1	500	111
Simulation_835	1.556	0.064	0.2	0.059	1.19	0.633	835	0.05	12000	1000	1	500	111
Simulation_836	1.806	0.03	0.106	0.078	2.755	0.746	836	0.05	12000	1000	1	500	111
Simulation_837	2.807	0.075	0.231	0.005	1.503	0.295	837	0.05	12000	1000	1	500	111
Simulation_838	2.307	0.053	0.169	0.114	0.877	0.971	838	0.05	12000	1000	1	500	111
Simulation_839	1.305	0.098	0.294	0.041	2.129	0.521	839	0.05	12000	1000	1	500	111
Simulation_840	1.43	0.013	0.058	0.014	1.973	0.464	840	0.05	12000	1000	1	500	111
Simulation_841	2.432	0.058	0.183	0.087	0.72	0.915	841	0.05	12000	1000	1	500	111
Simulation_842	2.933	0.036	0.122	0.05	1.346	0.239	842	0.05	12000	1000	1	500	111
Simulation_843	1.931	0.081	0.247	0.123	2.599	0.69	843	0.05	12000	1000	1	500	111
Simulation_844	1.681	0.047	0.153	0.032	1.659	0.577	844	0.05	12000	1000	1	500	111
Simulation_845	2.682	0.092	0.278	0.105	2.912	0.126	845	0.05	12000	1000	1	500	111
Simulation_846	2.181	0.025	0.092	0.069	2.286	0.802	846	0.05	12000	1000	1	500	111
Simulation_847	1.18	0.07	0.217	0.141	1.033	0.352	847	0.05	12000	1000	1	500	111
Simulation_848	1.243	0.022	0.083	0.119	1.268	0.155	848	0.05	12000	1000	1	500	111
Simulation_849	2.244	0.067	0.208	0.046	2.521	0.605	849	0.05	12000	1000	1	500	111
Simulation_850	2.745	0.044	0.144	0.082	1.894	0.38	850	0.05	12000	1000	1	500	111
Simulation_851	1.743	0.089	0.269	0.01	0.642	0.831	851	0.05	12000	1000	1	500	111
Simulation_852	1.994	0.033	0.114	0.137	2.207	0.943	852	0.05	12000	1000	1	500	111
Simulation_853	2.995	0.078	0.239	0.064	0.955	0.493	853	0.05	12000	1000	1	500	111
Simulation_854	2.494	0.011	0.053	0.1	1.581	0.718	854	0.05	12000	1000	1	500	111
Simulation_855	1.493	0.056	0.178	0.028	2.834	0.267	855	0.05	12000	1000	1	500	111
Simulation_856	1.368	0.05	0.161	0.073	2.677	0.324	856	0.05	12000	1000	1	500	111
Simulation_857	2.369	0.095	0.286	0.146	1.425	0.774	857	0.05	12000	1000	1	500	111
Simulation_858	2.87	0.027	0.097	0.037	0.798	0.549	858	0.05	12000	1000	1	500	111
Simulation_859	1.868	0.072	0.222	0.109	2.051	1	859	0.05	12000	1000	1	500	111
Simulation_860	1.618	0.016	0.067	0.055	1.112	0.887	860	0.05	12000	1000	1	500	111
Simulation_861	2.62	0.061	0.192	0.128	2.364	0.436	861	0.05	12000	1000	1	500	111
Simulation_862	2.119	0.039	0.131	0.019	2.99	0.662	862	0.05	12000	1000	1	500	111
Simulation_863	1.117	0.084	0.256	0.091	1.738	0.211	863	0.05	12000	1000	1	500	111
Simulation_864	1.086	0.02	0.078	0.035	2.247	0.957	864	0.05	12000	1000	1	500	111
Simulation_865	2.088	0.065	0.203	0.107	0.994	0.507	865	0.05	12000	1000	1	500	111
Simulation_866	2.588	0.043	0.142	0.071	1.62	0.732	866	0.05	12000	1000	1	500	111
Simulation_867	1.587	0.088	0.267	0.143	2.873	0.281	867	0.05	12000	1000	1	500	111
Simulation_868	1.837	0.054	0.172	0.016	1.307	0.169	868	0.05	12000	1000	1	500	111
Simulation_869	2.839	0.099	0.297	0.089	2.56	0.619	869	0.05	12000	1000	1	500	111
Simulation_870	2.338	0.032	0.111	0.053	1.933	0.394	870	0.05	12000	1000	1	500	111
Simulation_871	1.336	0.077	0.236	0.125	0.681	0.845	871	0.05	12000	1000	1	500	111
Simulation_872	1.462	0.037	0.125	0.08	0.838	0.788	872	0.05	12000	1000	1	500	111
Simulation_873	2.463	0.082	0.25	0.007	2.09	0.338	873	0.05	12000	1000	1	500	111
Simulation_874	2.964	0.015	0.064	0.116	2.716	0.563	874	0.05	12000	1000	1	500	111
Simulation_875	1.962	0.06	0.189	0.044	1.464	0.112	875	0.05	12000	1000	1	500	111
Simulation_876	1.712	0.026	0.094	0.098	2.403	0.225	876	0.05	12000	1000	1	500	111
Simulation_877	2.713	0.071	0.219	0.025	1.151	0.676	877	0.05	12000	1000	1	500	111
Simulation_878	2.213	0.049	0.158	0.134	0.524	0.45	878	0.05	12000	1000	1	500	111
Simulation_879	1.211	0.094	0.283	0.062	1.777	0.901	879	0.05	12000	1000	1	500	111
Simulation_880	1.149	0.046	0.15	0.057	2.951	0.704	880	0.05	12000	1000	1	500	111
Simulation_881	2.15	0.091	0.275	0.13	1.699	0.253	881	0.05	12000	1000	1	500	111
Simulation_882	2.651	0.023	0.086	0.021	1.072	0.929	882	0.05	12000	1000	1	500	111
Simulation_883	1.649	0.068	0.211	0.094	2.325	0.478	883	0.05	12000	1000	1	500	111
Simulation_884	1.9	0.012	0.056	0.075	0.759	0.366	884	0.05	12000	1000	1	500	111
Simulation_885	2.901	0.057	0.181	0.148	2.012	0.816	885	0.05	12000	1000	1	500	111
Simulation_886	2.4	0.034	0.117	0.039	2.638	0.14	886	0.05	12000	1000	1	500	111
Simulation_887	1.399	0.08	0.244	0.112	1.386	0.591	887	0.05	12000	1000	1	500	111
Simulation_888	1.274	0.029	0.103	0.139	1.542	0.647	888	0.05	12000	1000	1	500	111
Simulation_889	2.275	0.074	0.228	0.066	2.795	0.197	889	0.05	12000	1000	1	500	111
Simulation_890	2.776	0.051	0.164	0.103	2.168	0.873	890	0.05	12000	1000	1	500	111
Simulation_891	1.775	0.096	0.289	0.03	0.916	0.422	891	0.05	12000	1000	1	500	111
Simulation_892	1.524	0.04	0.133	0.121	1.855	0.535	892	0.05	12000	1000	1	500	111
Simulation_893	2.526	0.085	0.258	0.048	0.603	0.985	893	0.05	12000	1000	1	500	111
Simulation_894	2.025	0.018	0.072	0.084	1.229	0.309	894	0.05	12000	1000	1	500	111
Simulation_895	1.023	0.063	0.197	0.012	2.481	0.76	895	0.05	12000	1000	1	500	111
Simulation_896	1.016	0.047	0.153	0.095	1.2	0.897	896	0.05	12000	1000	1	500	111
Simulation_897	2.017	0.093	0.281	0.023	2.452	0.447	897	0.05	12000	1000	1	500	111
Simulation_898	2.518	0.025	0.092	0.132	1.826	0.672	898	0.05	12000	1000	1	500	111
Simulation_899	1.516	0.07	0.217	0.059	0.573	0.221	899	0.05	12000	1000	1	500	111
Simulation_900	1.767	0.014	0.061	0.113	2.139	0.109	900	0.05	12000	1000	1	500	111
Simulation_901	2.768	0.059	0.186	0.041	0.886	0.559	901	0.05	12000	1000	1	500	111
Simulation_902	2.267	0.036	0.122	0.15	1.513	0.334	902	0.05	12000	1000	1	500	111
Simulation_903	1.266	0.081	0.247	0.077	2.765	0.785	903	0.05	12000	1000	1	500	111
Simulation_904	1.391	0.031	0.108	0.032	2.609	0.841	904	0.05	12000	1000	1	500	111
Simulation_905	2.393	0.076	0.233	0.104	1.356	0.39	905	0.05	12000	1000	1	500	111
Simulation_906	2.893	0.053	0.169	0.068	0.73	0.616	906	0.05	12000	1000	1	500	111
Simulation_907	1.892	0.098	0.294	0.141	1.982	0.165	907	0.05	12000	1000	1	500	111
Simulation_908	1.642	0.042	0.139	0.014	1.043	0.278	908	0.05	12000	1000	1	500	111
Simulation_909	2.643	0.087	0.264	0.086	2.295	0.728	909	0.05	12000	1000	1	500	111
Simulation_910	2.142	0.019	0.075	0.05	2.922	0.503	910	0.05	12000	1000	1	500	111
Simulation_911	1.141	0.064	0.2	0.122	1.669	0.954	911	0.05	12000	1000	1	500	111
Simulation_912	1.203	0.017	0.069	0.145	0.652	0.757	912	0.05	12000	1000	1	500	111
Simulation_913	2.205	0.062	0.194	0.073	1.904	0.306	913	0.05	12000	1000	1	500	111
Simulation_914	2.706	0.039	0.131	0.109	2.53	0.982	914	0.05	12000	1000	1	500	111
Simulation_915	1.704	0.084	0.256	0.036	1.278	0.531	915	0.05	12000	1000	1	500	111
Simulation_916	1.955	0.05	0.161	0.127	2.843	0.419	916	0.05	12000	1000	1	500	111
Simulation_917	2.956	0.095	0.286	0.054	1.591	0.869	917	0.05	12000	1000	1	500	111
Simulation_918	2.455	0.028	0.1	0.091	0.965	0.193	918	0.05	12000	1000	1	500	111
Simulation_919	1.454	0.073	0.225	0.018	2.217	0.644	919	0.05	12000	1000	1	500	111
Simulation_920	1.329	0.033	0.114	0.045	2.061	0.588	920	0.05	12000	1000	1	500	111
Simulation_921	2.33	0.078	0.239	0.118	0.808	0.137	921	0.05	12000	1000	1	500	111
Simulation_922	2.831	0.011	0.053	0.009	1.434	0.813	922	0.05	12000	1000	1	500	111
Simulation_923	1.829	0.056	0.178	0.082	2.687	0.362	923	0.05	12000	1000	1	500	111
Simulation_924	1.579	0.022	0.083	0.063	1.748	0.475	924	0.05	12000	1000	1	500	111
Simulation_925	2.58	0.067	0.208	0.136	3	0.926	925	0.05	12000	1000	1	500	111
Simulation_926	2.08	0.045	0.147	0.027	2.374	0.25	926	0.05	12000	1000	1	500	111
Simulation_927	1.078	0.09	0.272	0.1	1.121	0.7	927	0.05	12000	1000	1	500	111
Simulation_928	1.11	0.026	0.094	0.011	2.883	0.348	928	0.05	12000	1000	1	500	111
Simulation_929	2.111	0.071	0.219	0.084	1.63	0.799	929	0.05	12000	1000	1	500	111
Simulation_930	2.612	0.049	0.158	0.048	1.004	0.123	930	0.05	12000	1000	1	500	111
Simulation_931	1.61	0.094	0.283	0.12	2.256	0.574	931	0.05	12000	1000	1	500	111
Simulation_932	1.861	0.038	0.128	0.029	0.691	0.686	932	0.05	12000	1000	1	500	111
Simulation_933	2.862	0.083	0.253	0.102	1.943	0.236	933	0.05	12000	1000	1	500	111
Simulation_934	2.361	0.015	0.064	0.066	2.569	0.912	934	0.05	12000	1000	1	500	111
Simulation_935	1.36	0.06	0.189	0.138	1.317	0.461	935	0.05	12000	1000	1	500	111
Simulation_936	1.485	0.055	0.175	0.111	1.474	0.517	936	0.05	12000	1000	1	500	111
Simulation_937	2.487	0.1	0.3	0.038	2.726	0.968	937	0.05	12000	1000	1	500	111
Simulation_938	2.987	0.032	0.111	0.147	2.1	0.292	938	0.05	12000	1000	1	500	111
Simulation_939	1.986	0.077	0.236	0.075	0.847	0.743	939	0.05	12000	1000	1	500	111
Simulation_940	1.735	0.021	0.081	0.093	1.787	0.63	940	0.05	12000	1000	1	500	111
Simulation_941	2.737	0.066	0.206	0.02	0.534	0.179	941	0.05	12000	1000	1	500	111
Simulation_942	2.236	0.043	0.142	0.129	1.16	0.855	942	0.05	12000	1000	1	500	111
Simulation_943	1.235	0.088	0.267	0.057	2.413	0.405	943	0.05	12000	1000	1	500	111
Simulation_944	1.172	0.04	0.133	0.061	2.335	0.207	944	0.05	12000	1000	1	500	111
Simulation_945	2.174	0.086	0.261	0.134	1.082	0.658	945	0.05	12000	1000	1	500	111
Simulation_946	2.674	0.018	0.072	0.025	1.708	0.433	946	0.05	12000	1000	1	500	111
Simulation_947	1.673	0.063	0.197	0.098	2.961	0.883	947	0.05	12000	1000	1	500	111
Simulation_948	1.923	0.029	0.103	0.043	1.395	0.996	948	0.05	12000	1000	1	500	111
Simulation_949	2.925	0.074	0.228	0.116	2.648	0.545	949	0.05	12000	1000	1	500	111
Simulation_950	2.424	0.052	0.167	0.007	2.022	0.771	950	0.05	12000	1000	1	500	111
Simulation_951	1.422	0.097	0.292	0.079	0.769	0.32	951	0.05	12000	1000	1	500	111
Simulation_952	1.297	0.012	0.056	0.125	0.926	0.264	952	0.05	12000	1000	1	500	111
Simulation_953	2.299	0.057	0.181	0.052	2.178	0.714	953	0.05	12000	1000	1	500	111
Simulation_954	2.8	0.035	0.119	0.088	2.804	0.489	954	0.05	12000	1000	1	500	111
Simulation_955	1.798	0.08	0.244	0.016	1.552	0.94	955	0.05	12000	1000	1	500	111
Simulation_956	1.548	0.046	0.15	0.143	2.491	0.827	956	0.05	12000	1000	1	500	111
Simulation_957	2.549	0.091	0.275	0.07	1.239	0.376	957	0.05	12000	1000	1	500	111
Simulation_958	2.048	0.024	0.089	0.107	0.613	0.602	958	0.05	12000	1000	1	500	111
Simulation_959	1.047	0.069	0.214	0.034	1.865	0.151	959	0.05	12000	1000	1	500	111
Simulation_960	1.031	0.014	0.061	0.051	1.611	0.313	960	0.05	12000	1000	1	500	111
Simulation_961	2.033	0.059	0.186	0.124	2.863	0.764	961	0.05	12000	1000	1	500	111
Simulation_962	2.533	0.037	0.125	0.015	2.237	0.538	962	0.05	12000	1000	1	500	111
Simulation_963	1.532	0.082	0.25	0.087	0.984	0.989	963	0.05	12000	1000	1	500	111
Simulation_964	1.782	0.048	0.156	0.069	1.924	0.876	964	0.05	12000	1000	1	500	111
Simulation_965	2.784	0.093	0.281	0.142	0.671	0.426	965	0.05	12000	1000	1	500	111
Simulation_966	2.283	0.026	0.094	0.033	1.297	0.651	966	0.05	12000	1000	1	500	111
Simulation_967	1.282	0.071	0.219	0.105	2.55	0.2	967	0.05	12000	1000	1	500	111
Simulation_968	1.407	0.043	0.142	0.133	2.706	0.144	968	0.05	12000	1000	1	500	111
Simulation_969	2.408	0.088	0.267	0.06	1.454	0.595	969	0.05	12000	1000	1	500	111
Simulation_970	2.909	0.02	0.078	0.096	0.828	0.369	970	0.05	12000	1000	1	500	111
Simulation_971	1.908	0.065	0.203	0.024	2.08	0.82	971	0.05	12000	1000	1	500	111
Simulation_972	1.657	0.031	0.108	0.115	0.515	0.933	972	0.05	12000	1000	1	500	111
Simulation_973	2.659	0.076	0.233	0.042	1.767	0.482	973	0.05	12000	1000	1	500	111
Simulation_974	2.158	0.054	0.172	0.078	2.393	0.707	974	0.05	12000	1000	1	500	111
Simulation_975	1.156	0.099	0.297	0.006	1.141	0.257	975	0.05	12000	1000	1	500	111
Simulation_976	1.219	0.051	0.164	0.037	1.063	0.454	976	0.05	12000	1000	1	500	111
Simulation_977	2.221	0.096	0.289	0.11	2.315	0.904	977	0.05	12000	1000	1	500	111
Simulation_978	2.721	0.028	0.1	0.074	2.941	0.229	978	0.05	12000	1000	1	500	111
Simulation_979	1.72	0.074	0.228	0.146	1.689	0.679	979	0.05	12000	1000	1	500	111
Simulation_980	1.97	0.017	0.069	0.019	2.628	0.567	980	0.05	12000	1000	1	500	111
Simulation_981	2.972	0.062	0.194	0.092	1.376	0.116	981	0.05	12000	1000	1	500	111
Simulation_982	2.471	0.04	0.133	0.056	0.75	0.792	982	0.05	12000	1000	1	500	111
Simulation_983	1.469	0.085	0.258	0.128	2.002	0.341	983	0.05	12000	1000	1	500	111
Simulation_984	1.344	0.023	0.086	0.083	2.159	0.398	984	0.05	12000	1000	1	500	111
Simulation_985	2.346	0.068	0.211	0.01	0.906	0.848	985	0.05	12000	1000	1	500	111
Simulation_986	2.846	0.045	0.147	0.119	1.532	0.172	986	0.05	12000	1000	1	500	111
Simulation_987	1.845	0.09	0.272	0.046	2.785	0.623	987	0.05	12000	1000	1	500	111
Simulation_988	1.595	0.034	0.117	0.101	1.219	0.736	988	0.05	12000	1000	1	500	111
Simulation_989	2.596	0.079	0.242	0.028	2.472	0.285	989	0.05	12000	1000	1	500	111
Simulation_990	2.095	0.012	0.056	0.137	1.845	0.961	990	0.05	12000	1000	1	500	111
Simulation_991	1.094	0.057	0.181	0.065	0.593	0.51	991	0.05	12000	1000	1	500	111
Simulation_992	1.063	0.036	0.122	0.117	2.432	0.637	992	0.05	12000	1000	1	500	111
Simulation_993	2.064	0.081	0.247	0.044	1.18	0.186	993	0.05	12000	1000	1	500	111
Simulation_994	2.565	0.013	0.058	0.08	0.554	0.862	994	0.05	12000	1000	1	500	111
Simulation_995	1.563	0.058	0.183	0.008	1.806	0.412	995	0.05	12000	1000	1	500	111
Simulation_996	1.814	0.024	0.089	0.135	0.867	0.524	996	0.05	12000	1000	1	500	111
Simulation_997	2.815	0.069	0.214	0.062	2.119	0.975	997	0.05	12000	1000	1	500	111
Simulation_998	2.314	0.047	0.153	0.099	2.746	0.299	998	0.05	12000	1000	1	500	111
Simulation_999	1.313	0.092	0.278	0.026	1.493	0.75	999	0.05	12000	1000	1	500	111
Simulation_1000	1.438	0.019	0.075	0.071	1.337	0.693	1000	0.05	12000	1000	1	500	111
Simulation_1001	2.44	0.064	0.2	0.144	2.589	0.243	1001	0.05	12000	1000	1	500	111
Simulation_1002	2.94	0.041	0.136	0.035	1.963	0.919	1002	0.05	12000	1000	1	500	111
Simulation_1003	1.939	0.086	0.261	0.108	0.71	0.468	1003	0.05	12000	1000	1	500	111
Simulation_1004	1.689	0.052	0.167	0.053	2.276	0.355	1004	0.05	12000	1000	1	500	111
Simulation_1005	2.69	0.097	0.292	0.126	1.023	0.806	1005	0.05	12000	1000	1	500	111
Simulation_1006	2.189	0.03	0.106	0.017	1.65	0.13	1006	0.05	12000	1000	1	500	111
Simulation_1007	1.188	0.075	0.231	0.09	2.902	0.581	1007	0.05	12000	1000	1	500	111
Simulation_1008	1.125	0.027	0.097	0.103	1.885	0.778	1008	0.05	12000	1000	1	500	111
Simulation_1009	2.127	0.072	0.222	0.031	0.632	0.327	1009	0.05	12000	1000	1	500	111
Simulation_1010	2.627	0.05	0.161	0.14	1.258	0.552	1010	0.05	12000	1000	1	500	111
Simulation_1011	1.626	0.095	0.286	0.067	2.511	0.102	1011	0.05	12000	1000	1	500	111
Simulation_1012	1.876	0.038	0.128	0.085	1.571	0.214	1012	0.05	12000	1000	1	500	111
Simulation_1013	2.878	0.083	0.253	0.012	2.824	0.665	1013	0.05	12000	1000	1	500	111
Simulation_1014	2.377	0.016	0.067	0.121	2.198	0.44	1014	0.05	12000	1000	1	500	111
Simulation_1015	1.376	0.061	0.192	0.049	0.945	0.89	1015	0.05	12000	1000	1	500	111
Simulation_1016	1.25	0.044	0.144	0.021	0.789	0.947	1016	0.05	12000	1000	1	500	111
Simulation_1017	2.252	0.089	0.269	0.094	2.041	0.496	1017	0.05	12000	1000	1	500	111
Simulation_1018	2.753	0.021	0.081	0.058	2.667	0.721	1018	0.05	12000	1000	1	500	111
Simulation_1019	1.751	0.067	0.208	0.13	1.415	0.271	1019	0.05	12000	1000	1	500	111
Simulation_1020	1.501	0.01	0.05	0.04	2.98	0.158	1020	0.05	12000	1000	1	500	111
Simulation_1021	2.502	0.055	0.175	0.112	1.728	0.609	1021	0.05	12000	1000	1	500	111
Simulation_1022	2.001	0.033	0.114	0.076	1.102	0.383	1022	0.05	12000	1000	1	500	111
Simulation_1023	1	0.078	0.239	0.149	2.354	0.834	1023	0.05	12000	1000	1	500	111
Simulation_1024	1.001	0.044	0.144	0.1	2.03	0.75	1024	0.05	12000	1000	1	500	111
Simulation_1025	2.002	0.089	0.269	0.027	0.778	0.299	1025	0.05	12000	1000	1	500	111
Simulation_1026	2.503	0.021	0.081	0.136	1.404	0.975	1026	0.05	12000	1000	1	500	111
Simulation_1027	1.502	0.066	0.206	0.064	2.656	0.525	1027	0.05	12000	1000	1	500	111
Simulation_1028	1.752	0.01	0.05	0.082	1.717	0.412	1028	0.05	12000	1000	1	500	111
Simulation_1029	2.754	0.055	0.175	0.009	2.969	0.863	1029	0.05	12000	1000	1	500	111
Simulation_1030	2.253	0.033	0.114	0.118	2.343	0.187	1030	0.05	12000	1000	1	500	111
Simulation_1031	1.251	0.078	0.239	0.046	1.091	0.637	1031	0.05	12000	1000	1	500	111
Simulation_1032	1.377	0.027	0.097	0.018	0.621	0.581	1032	0.05	12000	1000	1	500	111
Simulation_1033	2.378	0.072	0.222	0.091	1.874	0.13	1033	0.05	12000	1000	1	500	111
Simulation_1034	2.879	0.049	0.158	0.055	2.5	0.806	1034	0.05	12000	1000	1	500	111
Simulation_1035	1.877	0.095	0.286	0.127	1.247	0.356	1035	0.05	12000	1000	1	500	111
Simulation_1036	1.627	0.038	0.128	0.036	2.813	0.468	1036	0.05	12000	1000	1	500	111
Simulation_1037	2.628	0.083	0.253	0.109	1.56	0.919	1037	0.05	12000	1000	1	500	111
Simulation_1038	2.128	0.016	0.067	0.073	0.934	0.243	1038	0.05	12000	1000	1	500	111
Simulation_1039	1.126	0.061	0.192	0.145	2.187	0.694	1039	0.05	12000	1000	1	500	111
Simulation_1040	1.189	0.018	0.072	0.123	2.578	0.891	1040	0.05	12000	1000	1	500	111
Simulation_1041	2.19	0.064	0.2	0.05	1.326	0.44	1041	0.05	12000	1000	1	500	111
Simulation_1042	2.691	0.041	0.136	0.086	0.699	0.666	1042	0.05	12000	1000	1	500	111
Simulation_1043	1.689	0.086	0.261	0.014	1.952	0.215	1043	0.05	12000	1000	1	500	111
Simulation_1044	1.94	0.052	0.167	0.141	1.012	0.102	1044	0.05	12000	1000	1	500	111
Simulation_1045	2.941	0.097	0.292	0.068	2.265	0.553	1045	0.05	12000	1000	1	500	111
Simulation_1046	2.441	0.03	0.106	0.105	2.891	0.328	1046	0.05	12000	1000	1	500	111
Simulation_1047	1.439	0.075	0.231	0.032	1.639	0.778	1047	0.05	12000	1000	1	500	111
Simulation_1048	1.314	0.035	0.119	0.077	1.169	0.835	1048	0.05	12000	1000	1	500	111
Simulation_1049	2.315	0.08	0.244	0.15	2.421	0.384	1049	0.05	12000	1000	1	500	111
Simulation_1050	2.816	0.013	0.058	0.041	1.795	0.609	1050	0.05	12000	1000	1	500	111
Simulation_1051	1.815	0.058	0.183	0.114	0.543	0.159	1051	0.05	12000	1000	1	500	111
Simulation_1052	1.564	0.024	0.089	0.059	2.108	0.271	1052	0.05	12000	1000	1	500	111
Simulation_1053	2.566	0.069	0.214	0.132	0.856	0.722	1053	0.05	12000	1000	1	500	111
Simulation_1054	2.065	0.047	0.153	0.023	1.482	0.497	1054	0.05	12000	1000	1	500	111
Simulation_1055	1.064	0.092	0.278	0.095	2.735	0.947	1055	0.05	12000	1000	1	500	111
Simulation_1056	1.095	0.023	0.086	0.034	0.895	0.201	1056	0.05	12000	1000	1	500	111
Simulation_1057	2.096	0.068	0.211	0.107	2.148	0.651	1057	0.05	12000	1000	1	500	111
Simulation_1058	2.597	0.045	0.147	0.07	2.774	0.426	1058	0.05	12000	1000	1	500	111
Simulation_1059	1.596	0.09	0.272	0.143	1.521	0.877	1059	0.05	12000	1000	1	500	111
Simulation_1060	1.846	0.034	0.117	0.016	2.461	0.989	1060	0.05	12000	1000	1	500	111
Simulation_1061	2.847	0.079	0.242	0.089	1.208	0.539	1061	0.05	12000	1000	1	500	111
Simulation_1062	2.347	0.011	0.053	0.052	0.582	0.764	1062	0.05	12000	1000	1	500	111
Simulation_1063	1.345	0.057	0.181	0.125	1.834	0.313	1063	0.05	12000	1000	1	500	111
Simulation_1064	1.47	0.051	0.164	0.08	2.304	0.257	1064	0.05	12000	1000	1	500	111
Simulation_1065	2.472	0.096	0.289	0.007	1.052	0.708	1065	0.05	12000	1000	1	500	111
Simulation_1066	2.973	0.028	0.1	0.116	1.678	0.482	1066	0.05	12000	1000	1	500	111
Simulation_1067	1.971	0.073	0.225	0.043	2.93	0.933	1067	0.05	12000	1000	1	500	111
Simulation_1068	1.721	0.017	0.069	0.098	1.365	0.82	1068	0.05	12000	1000	1	500	111
Simulation_1069	2.722	0.062	0.194	0.025	2.617	0.37	1069	0.05	12000	1000	1	500	111
Simulation_1070	2.222	0.04	0.133	0.134	1.991	0.595	1070	0.05	12000	1000	1	500	111
Simulation_1071	1.22	0.085	0.258	0.061	0.739	0.144	1071	0.05	12000	1000	1	500	111
Simulation_1072	1.157	0.042	0.139	0.057	1.443	0.342	1072	0.05	12000	1000	1	500	111
Simulation_1073	2.159	0.088	0.267	0.129	2.695	0.792	1073	0.05	12000	1000	1	500	111
Simulation_1074	2.66	0.02	0.078	0.021	2.069	0.116	1074	0.05	12000	1000	1	500	111
Simulation_1075	1.658	0.065	0.203	0.093	0.817	0.567	1075	0.05	12000	1000	1	500	111
Simulation_1076	1.909	0.031	0.108	0.075	1.756	0.68	1076	0.05	12000	1000	1	500	111
Simulation_1077	2.91	0.076	0.233	0.148	0.504	0.229	1077	0.05	12000	1000	1	500	111
Simulation_1078	2.409	0.054	0.172	0.039	1.13	0.905	1078	0.05	12000	1000	1	500	111
Simulation_1079	1.408	0.099	0.297	0.111	2.382	0.454	1079	0.05	12000	1000	1	500	111
Simulation_1080	1.283	0.014	0.061	0.139	2.852	0.511	1080	0.05	12000	1000	1	500	111
Simulation_1081	2.284	0.059	0.186	0.066	1.6	0.961	1081	0.05	12000	1000	1	500	111
Simulation_1082	2.785	0.037	0.125	0.102	0.973	0.285	1082	0.05	12000	1000	1	500	111
Simulation_1083	1.783	0.082	0.25	0.03	2.226	0.736	1083	0.05	12000	1000	1	500	111
Simulation_1084	1.533	0.048	0.156	0.12	0.66	0.623	1084	0.05	12000	1000	1	500	111
Simulation_1085	2.534	0.093	0.281	0.048	1.913	0.173	1085	0.05	12000	1000	1	500	111
Simulation_1086	2.034	0.026	0.094	0.084	2.539	0.849	1086	0.05	12000	1000	1	500	111
Simulation_1087	1.032	0.071	0.219	0.011	1.286	0.398	1087	0.05	12000	1000	1	500	111
Simulation_1088	1.048	0.012	0.056	0.065	2.167	0.461	1088	0.05	12000	1000	1	500	111
Simulation_1089	2.049	0.057	0.181	0.137	0.915	0.912	1089	0.05	12000	1000	1	500	111
Simulation_1090	2.55	0.035	0.119	0.028	1.541	0.236	1090	0.05	12000	1000	1	500	111
Simulation_1091	1.549	0.08	0.244	0.101	2.793	0.687	1091	0.05	12000	1000	1	500	111
Simulation_1092	1.799	0.046	0.15	0.047	1.228	0.574	1092	0.05	12000	1000	1	500	111
Simulation_1093	2.8	0.091	0.275	0.119	2.48	0.123	1093	0.05	12000	1000	1	500	111
Simulation_1094	2.3	0.023	0.086	0.01	1.854	0.799	1094	0.05	12000	1000	1	500	111
Simulation_1095	1.298	0.068	0.211	0.083	0.602	0.349	1095	0.05	12000	1000	1	500	111
Simulation_1096	1.423	0.04	0.133	0.128	1.071	0.405	1096	0.05	12000	1000	1	500	111
Simulation_1097	2.425	0.085	0.258	0.056	2.324	0.856	1097	0.05	12000	1000	1	500	111
Simulation_1098	2.926	0.018	0.072	0.092	2.95	0.18	1098	0.05	12000	1000	1	500	111
Simulation_1099	1.924	0.063	0.197	0.019	1.697	0.63	1099	0.05	12000	1000	1	500	111
Simulation_1100	1.674	0.029	0.103	0.147	2.637	0.743	1100	0.05	12000	1000	1	500	111
Simulation_1101	2.675	0.074	0.228	0.074	1.384	0.292	1101	0.05	12000	1000	1	500	111
Simulation_1102	2.175	0.052	0.167	0.11	0.758	0.968	1102	0.05	12000	1000	1	500	111
Simulation_1103	1.173	0.097	0.292	0.038	2.011	0.518	1103	0.05	12000	1000	1	500	111
Simulation_1104	1.236	0.054	0.172	0.006	2.715	0.32	1104	0.05	12000	1000	1	500	111
Simulation_1105	2.237	0.099	0.297	0.078	1.463	0.771	1105	0.05	12000	1000	1	500	111
Simulation_1106	2.738	0.032	0.111	0.042	0.836	0.546	1106	0.05	12000	1000	1	500	111
Simulation_1107	1.736	0.077	0.236	0.115	2.089	0.996	1107	0.05	12000	1000	1	500	111
Simulation_1108	1.987	0.021	0.081	0.024	0.523	0.884	1108	0.05	12000	1000	1	500	111
Simulation_1109	2.988	0.066	0.206	0.097	1.776	0.433	1109	0.05	12000	1000	1	500	111
Simulation_1110	2.488	0.043	0.142	0.06	2.402	0.658	1110	0.05	12000	1000	1	500	111
Simulation_1111	1.486	0.088	0.267	0.133	1.149	0.208	1111	0.05	12000	1000	1	500	111
Simulation_1112	1.361	0.026	0.094	0.106	1.619	0.151	1112	0.05	12000	1000	1	500	111
Simulation_1113	2.362	0.071	0.219	0.033	2.872	0.602	1113	0.05	12000	1000	1	500	111
Simulation_1114	2.863	0.049	0.158	0.142	2.245	0.377	1114	0.05	12000	1000	1	500	111
Simulation_1115	1.862	0.094	0.283	0.069	0.993	0.827	1115	0.05	12000	1000	1	500	111
Simulation_1116	1.611	0.038	0.128	0.088	1.932	0.94	1116	0.05	12000	1000	1	500	111
Simulation_1117	2.613	0.083	0.253	0.015	0.68	0.489	1117	0.05	12000	1000	1	500	111
Simulation_1118	2.112	0.015	0.064	0.124	1.306	0.715	1118	0.05	12000	1000	1	500	111
Simulation_1119	1.111	0.06	0.189	0.051	2.558	0.264	1119	0.05	12000	1000	1	500	111
Simulation_1120	1.079	0.033	0.114	0.149	0.797	0.785	1120	0.05	12000	1000	1	500	111
Simulation_1121	2.081	0.078	0.239	0.076	2.05	0.335	1121	0.05	12000	1000	1	500	111
Simulation_1122	2.581	0.011	0.053	0.112	2.676	0.56	1122	0.05	12000	1000	1	500	111
Simulation_1123	1.58	0.056	0.178	0.04	1.423	0.109	1123	0.05	12000	1000	1	500	111
Simulation_1124	1.83	0.022	0.083	0.131	2.989	0.222	1124	0.05	12000	1000	1	500	111
Simulation_1125	2.832	0.067	0.208	0.058	1.737	0.673	1125	0.05	12000	1000	1	500	111
Simulation_1126	2.331	0.045	0.147	0.094	1.11	0.447	1126	0.05	12000	1000	1	500	111
Simulation_1127	1.33	0.09	0.272	0.022	2.363	0.898	1127	0.05	12000	1000	1	500	111
Simulation_1128	1.455	0.016	0.067	0.049	1.893	0.954	1128	0.05	12000	1000	1	500	111
Simulation_1129	2.456	0.061	0.192	0.122	0.641	0.504	1129	0.05	12000	1000	1	500	111
Simulation_1130	2.957	0.039	0.131	0.013	1.267	0.729	1130	0.05	12000	1000	1	500	111
Simulation_1131	1.956	0.084	0.256	0.085	2.519	0.278	1131	0.05	12000	1000	1	500	111
Simulation_1132	1.705	0.05	0.161	0.067	1.58	0.166	1132	0.05	12000	1000	1	500	111
Simulation_1133	2.707	0.095	0.286	0.14	2.832	0.616	1133	0.05	12000	1000	1	500	111
Simulation_1134	2.206	0.028	0.1	0.031	2.206	0.391	1134	0.05	12000	1000	1	500	111
Simulation_1135	1.204	0.073	0.225	0.103	0.954	0.842	1135	0.05	12000	1000	1	500	111
Simulation_1136	1.142	0.03	0.106	0.09	1.345	0.644	1136	0.05	12000	1000	1	500	111
Simulation_1137	2.143	0.076	0.233	0.017	2.598	0.194	1137	0.05	12000	1000	1	500	111
Simulation_1138	2.644	0.053	0.169	0.126	1.971	0.87	1138	0.05	12000	1000	1	500	111
Simulation_1139	1.643	0.098	0.294	0.053	0.719	0.419	1139	0.05	12000	1000	1	500	111
Simulation_1140	1.893	0.042	0.139	0.108	2.284	0.532	1140	0.05	12000	1000	1	500	111
Simulation_1141	2.894	0.087	0.264	0.035	1.032	0.982	1141	0.05	12000	1000	1	500	111
Simulation_1142	2.394	0.019	0.075	0.144	1.658	0.306	1142	0.05	12000	1000	1	500	111
Simulation_1143	1.392	0.064	0.2	0.072	2.911	0.757	1143	0.05	12000	1000	1	500	111
Simulation_1144	1.267	0.047	0.153	0.026	2.441	0.701	1144	0.05	12000	1000	1	500	111
Simulation_1145	2.268	0.092	0.278	0.099	1.189	0.25	1145	0.05	12000	1000	1	500	111
Simulation_1146	2.769	0.025	0.092	0.063	0.562	0.926	1146	0.05	12000	1000	1	500	111
Simulation_1147	1.768	0.07	0.217	0.135	1.815	0.475	1147	0.05	12000	1000	1	500	111
Simulation_1148	1.517	0.014	0.061	0.008	0.875	0.363	1148	0.05	12000	1000	1	500	111
Simulation_1149	2.519	0.059	0.186	0.081	2.128	0.813	1149	0.05	12000	1000	1	500	111
Simulation_1150	2.018	0.036	0.122	0.044	2.754	0.137	1150	0.05	12000	1000	1	500	111
Simulation_1151	1.017	0.081	0.247	0.117	1.502	0.588	1151	0.05	12000	1000	1	500	111
Simulation_1152	1.024	0.029	0.103	0.054	2.803	0.845	1152	0.05	12000	1000	1	500	111
Simulation_1153	2.026	0.074	0.228	0.127	1.551	0.394	1153	0.05	12000	1000	1	500	111
Simulation_1154	2.527	0.051	0.164	0.018	0.924	0.62	1154	0.05	12000	1000	1	500	111
Simulation_1155	1.525	0.096	0.289	0.09	2.177	0.169	1155	0.05	12000	1000	1	500	111
Simulation_1156	1.776	0.04	0.133	0.072	0.611	0.282	1156	0.05	12000	1000	1	500	111
Simulation_1157	2.777	0.085	0.258	0.145	1.864	0.732	1157	0.05	12000	1000	1	500	111
Simulation_1158	2.276	0.017	0.069	0.036	2.49	0.507	1158	0.05	12000	1000	1	500	111
Simulation_1159	1.275	0.063	0.197	0.109	1.238	0.958	1159	0.05	12000	1000	1	500	111
Simulation_1160	1.4	0.046	0.15	0.136	1.707	0.901	1160	0.05	12000	1000	1	500	111
Simulation_1161	2.401	0.091	0.275	0.063	2.96	0.451	1161	0.05	12000	1000	1	500	111
Simulation_1162	2.902	0.023	0.086	0.099	2.333	0.676	1162	0.05	12000	1000	1	500	111
Simulation_1163	1.901	0.068	0.211	0.027	1.081	0.225	1163	0.05	12000	1000	1	500	111
Simulation_1164	1.65	0.012	0.056	0.118	2.02	0.113	1164	0.05	12000	1000	1	500	111
Simulation_1165	2.652	0.057	0.181	0.045	0.768	0.563	1165	0.05	12000	1000	1	500	111
Simulation_1166	2.151	0.034	0.117	0.081	1.394	0.338	1166	0.05	12000	1000	1	500	111
Simulation_1167	1.15	0.079	0.242	0.009	2.647	0.789	1167	0.05	12000	1000	1	500	111
Simulation_1168	1.212	0.037	0.125	0.04	2.099	0.592	1168	0.05	12000	1000	1	500	111
Simulation_1169	2.214	0.082	0.25	0.113	0.846	0.141	1169	0.05	12000	1000	1	500	111
Simulation_1170	2.714	0.015	0.064	0.077	1.472	0.817	1170	0.05	12000	1000	1	500	111
Simulation_1171	1.713	0.06	0.189	0.149	2.725	0.366	1171	0.05	12000	1000	1	500	111
Simulation_1172	1.963	0.026	0.094	0.022	1.159	0.479	1172	0.05	12000	1000	1	500	111
Simulation_1173	2.965	0.071	0.219	0.095	2.412	0.93	1173	0.05	12000	1000	1	500	111
Simulation_1174	2.464	0.048	0.156	0.059	1.785	0.254	1174	0.05	12000	1000	1	500	111
Simulation_1175	1.463	0.093	0.281	0.131	0.533	0.704	1175	0.05	12000	1000	1	500	111
Simulation_1176	1.337	0.02	0.078	0.086	1.003	0.761	1176	0.05	12000	1000	1	500	111
Simulation_1177	2.339	0.065	0.203	0.013	2.255	0.31	1177	0.05	12000	1000	1	500	111
Simulation_1178	2.84	0.043	0.142	0.122	2.881	0.986	1178	0.05	12000	1000	1	500	111
Simulation_1179	1.838	0.088	0.267	0.049	1.629	0.535	1179	0.05	12000	1000	1	500	111
Simulation_1180	1.588	0.054	0.172	0.104	2.568	0.423	1180	0.05	12000	1000	1	500	111
Simulation_1181	2.589	0.099	0.297	0.031	1.316	0.873	1181	0.05	12000	1000	1	500	111
Simulation_1182	2.089	0.032	0.111	0.14	0.69	0.197	1182	0.05	12000	1000	1	500	111
Simulation_1183	1.087	0.077	0.236	0.068	1.942	0.648	1183	0.05	12000	1000	1	500	111
Simulation_1184	1.118	0.05	0.161	0.115	1.433	0.521	1184	0.05	12000	1000	1	500	111
Simulation_1185	2.12	0.095	0.286	0.043	2.686	0.972	1185	0.05	12000	1000	1	500	111
Simulation_1186	2.621	0.027	0.097	0.079	2.059	0.296	1186	0.05	12000	1000	1	500	111
Simulation_1187	1.619	0.072	0.222	0.006	0.807	0.747	1187	0.05	12000	1000	1	500	111
Simulation_1188	1.869	0.016	0.067	0.133	2.373	0.634	1188	0.05	12000	1000	1	500	111
Simulation_1189	2.871	0.061	0.192	0.061	1.12	0.183	1189	0.05	12000	1000	1	500	111
Simulation_1190	2.37	0.039	0.131	0.097	1.746	0.859	1190	0.05	12000	1000	1	500	111
Simulation_1191	1.369	0.084	0.256	0.025	2.999	0.409	1191	0.05	12000	1000	1	500	111
Simulation_1192	1.494	0.022	0.083	0.07	2.529	0.352	1192	0.05	12000	1000	1	500	111
Simulation_1193	2.495	0.067	0.208	0.143	1.277	0.803	1193	0.05	12000	1000	1	500	111
Simulation_1194	2.996	0.044	0.144	0.034	0.65	0.127	1194	0.05	12000	1000	1	500	111
Simulation_1195	1.995	0.089	0.269	0.106	1.903	0.578	1195	0.05	12000	1000	1	500	111
Simulation_1196	1.744	0.033	0.114	0.052	0.964	0.69	1196	0.05	12000	1000	1	500	111
Simulation_1197	2.746	0.078	0.239	0.124	2.216	0.24	1197	0.05	12000	1000	1	500	111
Simulation_1198	2.245	0.01	0.05	0.015	2.842	0.916	1198	0.05	12000	1000	1	500	111
Simulation_1199	1.244	0.055	0.175	0.088	1.59	0.465	1199	0.05	12000	1000	1	500	111
Simulation_1200	1.181	0.013	0.058	0.102	0.729	0.268	1200	0.05	12000	1000	1	500	111
Simulation_1201	2.182	0.058	0.183	0.029	1.981	0.718	1201	0.05	12000	1000	1	500	111
Simulation_1202	2.683	0.036	0.122	0.138	2.607	0.493	1202	0.05	12000	1000	1	500	111
Simulation_1203	1.682	0.081	0.247	0.065	1.355	0.944	1203	0.05	12000	1000	1	500	111
Simulation_1204	1.932	0.047	0.153	0.084	2.92	0.831	1204	0.05	12000	1000	1	500	111
Simulation_1205	2.933	0.092	0.278	0.011	1.668	0.38	1205	0.05	12000	1000	1	500	111
Simulation_1206	2.433	0.024	0.089	0.12	1.042	0.606	1206	0.05	12000	1000	1	500	111
Simulation_1207	1.431	0.07	0.217	0.047	2.294	0.155	1207	0.05	12000	1000	1	500	111
Simulation_1208	1.306	0.041	0.136	0.02	1.825	0.211	1208	0.05	12000	1000	1	500	111
Simulation_1209	2.308	0.086	0.261	0.093	0.572	0.662	1209	0.05	12000	1000	1	500	111
Simulation_1210	2.808	0.019	0.075	0.056	1.198	0.437	1210	0.05	12000	1000	1	500	111
Simulation_1211	1.807	0.064	0.2	0.129	2.451	0.887	1211	0.05	12000	1000	1	500	111
Simulation_1212	1.556	0.03	0.106	0.038	1.511	1	1212	0.05	12000	1000	1	500	111
Simulation_1213	2.558	0.075	0.231	0.111	2.764	0.549	1213	0.05	12000	1000	1	500	111
Simulation_1214	2.057	0.053	0.169	0.074	2.138	0.775	1214	0.05	12000	1000	1	500	111
Simulation_1215	1.056	0.098	0.294	0.147	0.885	0.324	1215	0.05	12000	1000	1	500	111
Simulation_1216	1.04	0.039	0.131	0.091	2.666	0.148	1216	0.05	12000	1000	1	500	111
Simulation_1217	2.042	0.084	0.256	0.019	1.414	0.599	1217	0.05	12000	1000	1	500	111
Simulation_1218	2.542	0.017	0.069	0.128	0.787	0.373	1218	0.05	12000	1000	1	500	111
Simulation_1219	1.541	0.062	0.194	0.055	2.04	0.824	1219	0.05	12000	1000	1	500	111
Simulation_1220	1.791	0.028	0.1	0.11	1.101	0.937	1220	0.05	12000	1000	1	500	111
Simulation_1221	2.793	0.073	0.225	0.037	2.353	0.486	1221	0.05	12000	1000	1	500	111
Simulation_1222	2.292	0.051	0.164	0.146	2.979	0.711	1222	0.05	12000	1000	1	500	111
Simulation_1223	1.29	0.096	0.289	0.073	1.727	0.261	1223	0.05	12000	1000	1	500	111
Simulation_1224	1.416	0.011	0.053	0.028	1.257	0.317	1224	0.05	12000	1000	1	500	111
Simulation_1225	2.417	0.056	0.178	0.101	2.51	0.768	1225	0.05	12000	1000	1	500	111
Simulation_1226	2.918	0.034	0.117	0.064	1.883	0.542	1226	0.05	12000	1000	1	500	111
Simulation_1227	1.916	0.079	0.242	0.137	0.631	0.993	1227	0.05	12000	1000	1	500	111
Simulation_1228	1.666	0.045	0.147	0.01	2.196	0.88	1228	0.05	12000	1000	1	500	111
Simulation_1229	2.667	0.09	0.272	0.082	0.944	0.43	1229	0.05	12000	1000	1	500	111
Simulation_1230	2.167	0.022	0.083	0.046	1.57	0.655	1230	0.05	12000	1000	1	500	111
Simulation_1231	1.165	0.067	0.208	0.119	2.823	0.204	1231	0.05	12000	1000	1	500	111
Simulation_1232	1.228	0.025	0.092	0.141	1.962	0.401	1232	0.05	12000	1000	1	500	111
Simulation_1233	2.229	0.07	0.217	0.069	0.709	0.852	1233	0.05	12000	1000	1	500	111
Simulation_1234	2.73	0.048	0.156	0.105	1.335	0.176	1234	0.05	12000	1000	1	500	111
Simulation_1235	1.729	0.093	0.281	0.032	2.588	0.627	1235	0.05	12000	1000	1	500	111
Simulation_1236	1.979	0.036	0.122	0.123	1.648	0.739	1236	0.05	12000	1000	1	500	111
Simulation_1237	2.98	0.082	0.25	0.051	2.901	0.289	1237	0.05	12000	1000	1	500	111
Simulation_1238	2.48	0.014	0.061	0.087	2.275	0.965	1238	0.05	12000	1000	1	500	111
Simulation_1239	1.478	0.059	0.186	0.014	1.022	0.514	1239	0.05	12000	1000	1	500	111
Simulation_1240	1.353	0.053	0.169	0.042	0.553	0.458	1240	0.05	12000	1000	1	500	111
Simulation_1241	2.355	0.098	0.294	0.114	1.805	0.908	1241	0.05	12000	1000	1	500	111
Simulation_1242	2.855	0.031	0.108	0.005	2.431	0.232	1242	0.05	12000	1000	1	500	111
Simulation_1243	1.854	0.076	0.233	0.078	1.179	0.683	1243	0.05	12000	1000	1	500	111
Simulation_1244	1.603	0.02	0.078	0.06	2.744	0.57	1244	0.05	12000	1000	1	500	111
Simulation_1245	2.605	0.065	0.203	0.132	1.492	0.12	1245	0.05	12000	1000	1	500	111
Simulation_1246	2.104	0.042	0.139	0.023	0.866	0.796	1246	0.05	12000	1000	1	500	111
Simulation_1247	1.103	0.087	0.264	0.096	2.118	0.345	1247	0.05	12000	1000	1	500	111
Simulation_1248	1.071	0.018	0.072	0.012	1.531	0.697	1248	0.05	12000	1000	1	500	111
Simulation_1249	2.073	0.063	0.197	0.085	2.784	0.247	1249	0.05	12000	1000	1	500	111
Simulation_1250	2.574	0.041	0.136	0.048	2.157	0.923	1250	0.05	12000	1000	1	500	111
Simulation_1251	1.572	0.086	0.261	0.121	0.905	0.472	1251	0.05	12000	1000	1	500	111
Simulation_1252	1.822	0.052	0.167	0.03	1.844	0.359	1252	0.05	12000	1000	1	500	111
Simulation_1253	2.824	0.097	0.292	0.103	0.592	0.81	1253	0.05	12000	1000	1	500	111
Simulation_1254	2.323	0.029	0.103	0.067	1.218	0.134	1254	0.05	12000	1000	1	500	111
Simulation_1255	1.322	0.074	0.228	0.139	2.47	0.585	1255	0.05	12000	1000	1	500	111
Simulation_1256	1.447	0.035	0.119	0.112	2.94	0.641	1256	0.05	12000	1000	1	500	111
Simulation_1257	2.448	0.08	0.244	0.039	1.688	0.19	1257	0.05	12000	1000	1	500	111
Simulation_1258	2.949	0.013	0.058	0.148	1.061	0.866	1258	0.05	12000	1000	1	500	111
Simulation_1259	1.948	0.058	0.183	0.076	2.314	0.416	1259	0.05	12000	1000	1	500	111
Simulation_1260	1.697	0.024	0.089	0.094	0.748	0.528	1260	0.05	12000	1000	1	500	111
Simulation_1261	2.699	0.069	0.214	0.021	2.001	0.979	1261	0.05	12000	1000	1	500	111
Simulation_1262	2.198	0.046	0.15	0.13	2.627	0.303	1262	0.05	12000	1000	1	500	111
Simulation_1263	1.197	0.091	0.275	0.057	1.375	0.754	1263	0.05	12000	1000	1	500	111
Simulation_1264	1.134	0.049	0.158	0.062	0.827	0.951	1264	0.05	12000	1000	1	500	111
Simulation_1265	2.135	0.094	0.283	0.135	2.079	0.5	1265	0.05	12000	1000	1	500	111
Simulation_1266	2.636	0.027	0.097	0.026	2.705	0.725	1266	0.05	12000	1000	1	500	111
Simulation_1267	1.635	0.072	0.222	0.098	1.453	0.275	1267	0.05	12000	1000	1	500	111
Simulation_1268	1.885	0.015	0.064	0.044	2.392	0.162	1268	0.05	12000	1000	1	500	111
Simulation_1269	2.887	0.06	0.189	0.116	1.14	0.613	1269	0.05	12000	1000	1	500	111
Simulation_1270	2.386	0.038	0.128	0.007	0.513	0.387	1270	0.05	12000	1000	1	500	111
Simulation_1271	1.384	0.083	0.253	0.08	1.766	0.838	1271	0.05	12000	1000	1	500	111
Simulation_1272	1.259	0.032	0.111	0.126	2.236	0.782	1272	0.05	12000	1000	1	500	111
Simulation_1273	2.261	0.077	0.236	0.053	0.983	0.331	1273	0.05	12000	1000	1	500	111
Simulation_1274	2.761	0.055	0.175	0.089	1.609	0.556	1274	0.05	12000	1000	1	500	111
Simulation_1275	1.76	0.1	0.3	0.017	2.862	0.106	1275	0.05	12000	1000	1	500	111
Simulation_1276	1.51	0.043	0.142	0.144	1.296	0.218	1276	0.05	12000	1000	1	500	111
Simulation_1277	2.511	0.089	0.269	0.071	2.549	0.669	1277	0.05	12000	1000	1	500	111
Simulation_1278	2.01	0.021	0.081	0.107	1.922	0.444	1278	0.05	12000	1000	1	500	111
Simulation_1279	1.009	0.066	0.206	0.035	0.67	0.894	1279	0.05	12000	1000	1	500	111
Simulation_1280	1.013	0.021	0.081	0.141	1.213	0.329	1280	0.05	12000	1000	1	500	111
Simulation_1281	2.014	0.066	0.206	0.068	2.466	0.78	1281	0.05	12000	1000	1	500	111
Simulation_1282	2.515	0.044	0.144	0.104	1.839	0.104	1282	0.05	12000	1000	1	500	111
Simulation_1283	1.513	0.089	0.269	0.032	0.587	0.555	1283	0.05	12000	1000	1	500	111
Simulation_1284	1.764	0.055	0.175	0.122	2.152	0.667	1284	0.05	12000	1000	1	500	111
Simulation_1285	2.765	0.1	0.3	0.05	0.9	0.217	1285	0.05	12000	1000	1	500	111
Simulation_1286	2.265	0.032	0.111	0.086	1.526	0.893	1286	0.05	12000	1000	1	500	111
Simulation_1287	1.263	0.077	0.236	0.013	2.779	0.442	1287	0.05	12000	1000	1	500	111
Simulation_1288	1.388	0.038	0.128	0.059	2.622	0.498	1288	0.05	12000	1000	1	500	111
Simulation_1289	2.39	0.083	0.253	0.131	1.37	0.949	1289	0.05	12000	1000	1	500	111
Simulation_1290	2.89	0.016	0.067	0.023	0.743	0.273	1290	0.05	12000	1000	1	500	111
Simulation_1291	1.889	0.061	0.192	0.095	1.996	0.724	1291	0.05	12000	1000	1	500	111
Simulation_1292	1.639	0.027	0.097	0.077	1.057	0.611	1292	0.05	12000	1000	1	500	111
Simulation_1293	2.64	0.072	0.222	0.15	2.309	0.16	1293	0.05	12000	1000	1	500	111
Simulation_1294	2.139	0.049	0.158	0.041	2.935	0.836	1294	0.05	12000	1000	1	500	111
Simulation_1295	1.138	0.094	0.283	0.113	1.683	0.386	1295	0.05	12000	1000	1	500	111
Simulation_1296	1.2	0.046	0.15	0.082	0.509	0.188	1296	0.05	12000	1000	1	500	111
Simulation_1297	2.202	0.092	0.278	0.009	1.761	0.639	1297	0.05	12000	1000	1	500	111
Simulation_1298	2.703	0.024	0.089	0.118	2.387	0.414	1298	0.05	12000	1000	1	500	111
Simulation_1299	1.701	0.069	0.214	0.045	1.135	0.864	1299	0.05	12000	1000	1	500	111
Simulation_1300	1.952	0.013	0.058	0.1	2.7	0.977	1300	0.05	12000	1000	1	500	111
Simulation_1301	2.953	0.058	0.183	0.027	1.448	0.526	1301	0.05	12000	1000	1	500	111
Simulation_1302	2.452	0.035	0.119	0.136	0.822	0.752	1302	0.05	12000	1000	1	500	111
Simulation_1303	1.451	0.08	0.244	0.063	2.074	0.301	1303	0.05	12000	1000	1	500	111
Simulation_1304	1.326	0.03	0.106	0.036	1.918	0.245	1304	0.05	12000	1000	1	500	111
Simulation_1305	2.327	0.075	0.231	0.109	0.665	0.695	1305	0.05	12000	1000	1	500	111
Simulation_1306	2.828	0.052	0.167	0.072	1.291	0.47	1306	0.05	12000	1000	1	500	111
Simulation_1307	1.826	0.097	0.292	0.145	2.544	0.921	1307	0.05	12000	1000	1	500	111
Simulation_1308	1.576	0.041	0.136	0.018	1.604	0.808	1308	0.05	12000	1000	1	500	111
Simulation_1309	2.578	0.086	0.261	0.091	2.857	0.357	1309	0.05	12000	1000	1	500	111
Simulation_1310	2.077	0.018	0.072	0.054	2.231	0.583	1310	0.05	12000	1000	1	500	111
Simulation_1311	1.075	0.063	0.197	0.127	0.978	0.132	1311	0.05	12000	1000	1	500	111
Simulation_1312	1.107	0.042	0.139	0.075	2.974	0.907	1312	0.05	12000	1000	1	500	111
Simulation_1313	2.108	0.087	0.264	0.147	1.722	0.456	1313	0.05	12000	1000	1	500	111
Simulation_1314	2.609	0.02	0.078	0.038	1.096	0.681	1314	0.05	12000	1000	1	500	111
Simulation_1315	1.607	0.065	0.203	0.111	2.348	0.231	1315	0.05	12000	1000	1	500	111
Simulation_1316	1.858	0.031	0.108	0.057	0.783	0.118	1316	0.05	12000	1000	1	500	111
Simulation_1317	2.859	0.076	0.233	0.129	2.035	0.569	1317	0.05	12000	1000	1	500	111
Simulation_1318	2.358	0.054	0.172	0.02	2.661	0.343	1318	0.05	12000	1000	1	500	111
Simulation_1319	1.357	0.099	0.297	0.093	1.409	0.794	1319	0.05	12000	1000	1	500	111
Simulation_1320	1.482	0.014	0.061	0.12	1.565	0.85	1320	0.05	12000	1000	1	500	111
Simulation_1321	2.484	0.059	0.186	0.047	2.818	0.4	1321	0.05	12000	1000	1	500	111
Simulation_1322	2.984	0.037	0.125	0.084	2.192	0.625	1322	0.05	12000	1000	1	500	111
Simulation_1323	1.983	0.082	0.25	0.011	0.939	0.174	1323	0.05	12000	1000	1	500	111
Simulation_1324	1.733	0.048	0.156	0.138	1.878	0.287	1324	0.05	12000	1000	1	500	111
Simulation_1325	2.734	0.093	0.281	0.066	0.626	0.738	1325	0.05	12000	1000	1	500	111
Simulation_1326	2.233	0.025	0.092	0.102	1.252	0.512	1326	0.05	12000	1000	1	500	111
Simulation_1327	1.232	0.07	0.217	0.029	2.505	0.963	1327	0.05	12000	1000	1	500	111
Simulation_1328	1.169	0.023	0.086	0.016	2.27	0.766	1328	0.05	12000	1000	1	500	111
Simulation_1329	2.171	0.068	0.211	0.088	1.017	0.315	1329	0.05	12000	1000	1	500	111
Simulation_1330	2.671	0.045	0.147	0.052	1.644	0.991	1330	0.05	12000	1000	1	500	111
Simulation_1331	1.67	0.09	0.272	0.125	2.896	0.541	1331	0.05	12000	1000	1	500	111
Simulation_1332	1.92	0.034	0.117	0.034	1.33	0.428	1332	0.05	12000	1000	1	500	111
Simulation_1333	2.922	0.079	0.242	0.107	2.583	0.879	1333	0.05	12000	1000	1	500	111
Simulation_1334	2.421	0.011	0.053	0.07	1.957	0.203	1334	0.05	12000	1000	1	500	111
Simulation_1335	1.42	0.056	0.178	0.143	0.704	0.653	1335	0.05	12000	1000	1	500	111
Simulation_1336	1.294	0.051	0.164	0.097	0.861	0.597	1336	0.05	12000	1000	1	500	111
Simulation_1337	2.296	0.096	0.289	0.025	2.113	0.146	1337	0.05	12000	1000	1	500	111
Simulation_1338	2.797	0.028	0.1	0.134	2.739	0.822	1338	0.05	12000	1000	1	500	111
Simulation_1339	1.795	0.073	0.225	0.061	1.487	0.372	1339	0.05	12000	1000	1	500	111
Simulation_1340	1.545	0.017	0.069	0.079	2.426	0.484	1340	0.05	12000	1000	1	500	111
Simulation_1341	2.546	0.062	0.194	0.007	1.174	0.935	1341	0.05	12000	1000	1	500	111
Simulation_1342	2.045	0.039	0.131	0.116	0.548	0.259	1342	0.05	12000	1000	1	500	111
Simulation_1343	1.044	0.085	0.258	0.043	1.8	0.71	1343	0.05	12000	1000	1	500	111
Simulation_1344	1.06	0.053	0.169	0.024	1.741	0.66	1344	0.05	12000	1000	1	500	111
Simulation_1345	2.061	0.098	0.294	0.096	2.994	0.21	1345	0.05	12000	1000	1	500	111
Simulation_1346	2.562	0.03	0.106	0.06	2.368	0.886	1346	0.05	12000	1000	1	500	111
Simulation_1347	1.56	0.075	0.231	0.133	1.115	0.435	1347	0.05	12000	1000	1	500	111
Simulation_1348	1.811	0.019	0.075	0.005	2.055	0.548	1348	0.05	12000	1000	1	500	111
Simulation_1349	2.812	0.064	0.2	0.078	0.802	0.998	1349	0.05	12000	1000	1	500	111
Simulation_1350	2.311	0.042	0.139	0.042	1.428	0.322	1350	0.05	12000	1000	1	500	111
Simulation_1351	1.31	0.087	0.264	0.114	2.681	0.773	1351	0.05	12000	1000	1	500	111
Simulation_1352	1.435	0.025	0.092	0.087	2.837	0.717	1352	0.05	12000	1000	1	500	111
Simulation_1353	2.437	0.07	0.217	0.015	1.585	0.266	1353	0.05	12000	1000	1	500	111
Simulation_1354	2.937	0.047	0.153	0.124	0.959	0.942	1354	0.05	12000	1000	1	500	111
Simulation_1355	1.936	0.092	0.278	0.051	2.211	0.491	1355	0.05	12000	1000	1	500	111
Simulation_1356	1.686	0.036	0.122	0.105	0.646	0.379	1356	0.05	12000	1000	1	500	111
Simulation_1357	2.687	0.081	0.247	0.033	1.898	0.829	1357	0.05	12000	1000	1	500	111
Simulation_1358	2.186	0.013	0.058	0.142	2.524	0.153	1358	0.05	12000	1000	1	500	111
Simulation_1359	1.185	0.058	0.183	0.069	1.272	0.604	1359	0.05	12000	1000	1	500	111
Simulation_1360	1.247	0.011	0.053	0.046	1.037	0.801	1360	0.05	12000	1000	1	500	111
Simulation_1361	2.249	0.056	0.178	0.119	2.289	0.35	1361	0.05	12000	1000	1	500	111
Simulation_1362	2.75	0.033	0.114	0.01	2.916	0.576	1362	0.05	12000	1000	1	500	111
Simulation_1363	1.748	0.078	0.239	0.083	1.663	0.125	1363	0.05	12000	1000	1	500	111
Simulation_1364	1.999	0.044	0.144	0.065	2.602	0.238	1364	0.05	12000	1000	1	500	111
Simulation_1365	3	0.089	0.269	0.137	1.35	0.688	1365	0.05	12000	1000	1	500	111
Simulation_1366	2.499	0.022	0.083	0.028	0.724	0.463	1366	0.05	12000	1000	1	500	111
Simulation_1367	1.498	0.067	0.208	0.101	1.976	0.914	1367	0.05	12000	1000	1	500	111
Simulation_1368	1.373	0.039	0.131	0.146	2.133	0.97	1368	0.05	12000	1000	1	500	111
Simulation_1369	2.374	0.084	0.256	0.074	0.88	0.519	1369	0.05	12000	1000	1	500	111
Simulation_1370	2.875	0.016	0.067	0.11	1.507	0.745	1370	0.05	12000	1000	1	500	111
Simulation_1371	1.873	0.061	0.192	0.037	2.759	0.294	1371	0.05	12000	1000	1	500	111
Simulation_1372	1.623	0.027	0.097	0.128	1.193	0.181	1372	0.05	12000	1000	1	500	111
Simulation_1373	2.624	0.073	0.225	0.055	2.446	0.632	1373	0.05	12000	1000	1	500	111
Simulation_1374	2.124	0.05	0.161	0.092	1.82	0.407	1374	0.05	12000	1000	1	500	111
Simulation_1375	1.122	0.095	0.286	0.019	0.567	0.857	1375	0.05	12000	1000	1	500	111
Simulation_1376	1.091	0.032	0.111	0.108	2.485	0.308	1376	0.05	12000	1000	1	500	111
Simulation_1377	2.092	0.077	0.236	0.035	1.233	0.759	1377	0.05	12000	1000	1	500	111
Simulation_1378	2.593	0.054	0.172	0.144	0.606	0.533	1378	0.05	12000	1000	1	500	111
Simulation_1379	1.592	0.099	0.297	0.071	1.859	0.984	1379	0.05	12000	1000	1	500	111
Simulation_1380	1.842	0.043	0.142	0.089	0.92	0.871	1380	0.05	12000	1000	1	500	111
Simulation_1381	2.844	0.088	0.267	0.017	2.172	0.421	1381	0.05	12000	1000	1	500	111
Simulation_1382	2.343	0.02	0.078	0.126	2.798	0.646	1382	0.05	12000	1000	1	500	111
Simulation_1383	1.341	0.065	0.203	0.053	1.546	0.196	1383	0.05	12000	1000	1	500	111
Simulation_1384	1.467	0.049	0.158	0.008	1.389	0.139	1384	0.05	12000	1000	1	500	111
Simulation_1385	2.468	0.094	0.283	0.08	2.642	0.59	1385	0.05	12000	1000	1	500	111
Simulation_1386	2.969	0.026	0.094	0.044	2.015	0.364	1386	0.05	12000	1000	1	500	111
Simulation_1387	1.967	0.071	0.219	0.117	0.763	0.815	1387	0.05	12000	1000	1	500	111
Simulation_1388	1.717	0.015	0.064	0.026	2.329	0.928	1388	0.05	12000	1000	1	500	111
Simulation_1389	2.718	0.06	0.189	0.099	1.076	0.477	1389	0.05	12000	1000	1	500	111
Simulation_1390	2.218	0.037	0.125	0.062	1.702	0.702	1390	0.05	12000	1000	1	500	111
Simulation_1391	1.216	0.082	0.25	0.135	2.955	0.252	1391	0.05	12000	1000	1	500	111
Simulation_1392	1.154	0.035	0.119	0.13	1.781	0.449	1392	0.05	12000	1000	1	500	111
Simulation_1393	2.155	0.08	0.244	0.058	0.528	0.9	1393	0.05	12000	1000	1	500	111
Simulation_1394	2.656	0.012	0.056	0.094	1.154	0.224	1394	0.05	12000	1000	1	500	111
Simulation_1395	1.654	0.057	0.181	0.021	2.407	0.674	1395	0.05	12000	1000	1	500	111
Simulation_1396	1.905	0.023	0.086	0.149	1.467	0.562	1396	0.05	12000	1000	1	500	111
Simulation_1397	2.906	0.068	0.211	0.076	2.72	0.111	1397	0.05	12000	1000	1	500	111
Simulation_1398	2.405	0.046	0.15	0.112	2.094	0.787	1398	0.05	12000	1000	1	500	111
Simulation_1399	1.404	0.091	0.275	0.04	0.841	0.336	1399	0.05	12000	1000	1	500	111
Simulation_1400	1.279	0.018	0.072	0.067	0.685	0.393	1400	0.05	12000	1000	1	500	111
